bank,city,branch,swiftCode,country
AKD SECURITIES LIMITED,KARACHI,,AKDBPKK1,Pakistan
ALBARAKA BANK (PAKISTAN) LIMITED,KARACHI,,AIINPKKA,Pakistan
ALBARAKA BANK (PAKISTAN) LIMITED,LAHORE,,AIINPKKALHR,Pakistan
ALFALAH SECURITIES (PRIVATE) LIMITED,KARACHI,,ALEVPKK1,Pakistan
ALLIED BANK LIMITED,ISLAMABAD,"BLUE AREA BRANCH, CORPORATE BRANCH, ISLAMABAD - 0443",ABPAPKKA443,Pakistan
ALLIED BANK LIMITED,KARACHI,BRANCH KARACHI (0949),ABPAPKKA949,Pakistan
ALLIED BANK LIMITED,KARACHI,"EXPORT PROCESSING ZONE BRANCH, (OFF SHORE BANKING UNIT)",ABPAPKKAEPZ,Pakistan
ALLIED BANK LIMITED,KARACHI,"TREASURY OPERATIONS (TROPS), OPERATIONS GROUP, CENTRAL OFFICE",ABPAPKKATRY,Pakistan
ALLIED BANK LIMITED,LAHORE,"ABL, HEAD OFFICE SWIFT UNIT",ABPAPKKA,Pakistan
ALLIED BANK LIMITED,LAHORE,ISLAMIC BANKING GROUP,ABPAPKKAIBG,Pakistan
ALLIED BANK LIMITED,LAHORE,ROSHAN DIGITAL ACCOUNT,ABPAPKKARDA,Pakistan
ALLIED BANK LIMITED,LAHORE,"SWIFT OPERATIONS, HEAD OFFICE, LAHORE",ABPAPKKA979,Pakistan
ALLIED BANK LIMITED,LAHORE,"TRADE FACTORY WING, TRADE TOWER, CENTRAL OFFICE, KARACHI.",ABPAPKKATFW,Pakistan
AMERICAN EXPRESS BANK LTD.,ISLAMABAD,,AEIBPKK1ISL,Pakistan
AMERICAN EXPRESS BANK LTD.,KARACHI,,AEIBPKK1,Pakistan
AMERICAN EXPRESS BANK LTD.,LAHORE,,AEIBPKK1LHE,Pakistan
ARIF HABIB LIMITED,KARACHI,,ARHAPKK1,Pakistan
ASKARI BANK LIMITED,RAWALPINDI,"AWT PLAZA, RAWALPINDI BRANCH",ASCMPKKA001,Pakistan
ASKARIBANK LIMITED,FAISALABAD,UNIVERSITY ROAD BRANCH,ASCMPKKA009,Pakistan
ASKARIBANK LIMITED,GUJRANWALA,GUJRANWALA BRANCH,ASCMPKKA012,Pakistan
ASKARIBANK LIMITED,GUJRAT,GUJRAT BRANCH,ASCMPKKA037,Pakistan
ASKARIBANK LIMITED,ISLAMABAD,"ISLAMIC BKG BR, BLUE AREA",ASCMPKKA905,Pakistan
ASKARIBANK LIMITED,ISLAMABAD,ROSHAN DIGITAL ACCOUNT UNIT,ASCMPKKARDA,Pakistan
ASKARIBANK LIMITED,KARACHI,,ASCMPKKA,Pakistan
ASKARIBANK LIMITED,KARACHI,CENTRAL FOREIGN TRADE UNIT,ASCMPKKAFT1,Pakistan
ASKARIBANK LIMITED,KARACHI,"ISLAMIC BKG BR, JODIA BAZAR",ASCMPKKA904,Pakistan
ASKARIBANK LIMITED,KARACHI,"ISLAMIC TREASURY DESK, KHI",ASCMPKKAIBT,Pakistan
ASKARIBANK LIMITED,KARACHI,SAIMA TRADE TOWER BRANCH,ASCMPKKA002,Pakistan
ASKARIBANK LIMITED,KARACHI,TREASURY DIVISION,ASCMPKKATRY,Pakistan
ASKARIBANK LIMITED,LAHORE,CENTRAL FOREIGN TRADE UNIT,ASCMPKKAFT2,Pakistan
ASKARIBANK LIMITED,LAHORE,"ISLAMIC BKG BR, WALTON CANTT",ASCMPKKA906,Pakistan
ASKARIBANK LIMITED,LAHORE,SAT BRANCH,ASCMPKKA006,Pakistan
ASKARIBANK LIMITED,MULTAN,MULTAN BRANCH,ASCMPKKA013,Pakistan
ASKARIBANK LIMITED,PESHAWAR,CANTONMENT BRANCH,ASCMPKKA004,Pakistan
ASKARIBANK LIMITED,PESHAWAR,"IBB, PESHAWAR",ASCMPKKA902,Pakistan
ASKARIBANK LIMITED,QUETTA,CANTONMENT BRANCH,ASCMPKKA003,Pakistan
ASKARIBANK LIMITED,QUETTA,"ISLAMIC BKG BR,JINNAH RD",ASCMPKKA903,Pakistan
ASKARIBANK LIMITED,RAWALPINDI,CENTRAL FOREIGN TRADE UNIT,ASCMPKKAFT3,Pakistan
ASKARIBANK LIMITED,RAWALPINDI,"HEAD OFFICE, RAWALPINDI",ASCMPKKAHOR,Pakistan
ASKARIBANK LIMITED,RAWALPINDI,"IBB, RAWALPINDI",ASCMPKKA901,Pakistan
ASKARIBANK LIMITED,RAWALPINDI,INTERNATIONAL DIVISION,ASCMPKKAIND,Pakistan
ASKARIBANK LIMITED,SIALKOT,SIALKOT BRANCH,ASCMPKKA010,Pakistan
BANK AL HABIB LIMITED,FAISALABAD,FAISALABAD BRANCH,BAHLPKKAFSD,Pakistan
BANK AL HABIB LIMITED,ISLAMABAD,ISLAMABAD BRANCH,BAHLPKKAISL,Pakistan
BANK AL HABIB LIMITED,KARACHI,,BAHLPKKA,Pakistan
BANK AL HABIB LIMITED,KARACHI,CENTRAL PROCESSING UNIT,BAHLPKKACPU,Pakistan
BANK AL HABIB LIMITED,KARACHI,EXPORT PROCESSING ZONE BRANCH,BAHLPKKAEPZ,Pakistan
BANK AL HABIB LIMITED,KARACHI,ISLAMIC BANKING DIVISION,BAHLPKKAIBD,Pakistan
BANK AL HABIB LIMITED,KARACHI,JODIA BAZAR,BAHLPKKAJBZ,Pakistan
BANK AL HABIB LIMITED,KARACHI,KARACHI MAIN BRANCH,BAHLPKKAKHI,Pakistan
BANK AL HABIB LIMITED,KARACHI,L C CENTRE,BAHLPKKALCC,Pakistan
BANK AL HABIB LIMITED,KARACHI,ROSHAN DIGITAL ACCOUNT,BAHLPKKARDA,Pakistan
BANK AL HABIB LIMITED,LAHORE,LAHORE BRANCH,BAHLPKKALHR,Pakistan
BANK AL HABIB LIMITED,MULTAN,MULTAN MAIN BRANCH,BAHLPKKAMUL,Pakistan
BANK ALFALAH LIMITED,FAISALABAD,PEOPLES COLONY BRANCH,ALFHPKKA054,Pakistan
BANK ALFALAH LIMITED,ISLAMABAD,F-10 MARKAZ BRANCH,ALFHPKKA131,Pakistan
BANK ALFALAH LIMITED,KARACHI,,ALFHPKKA,Pakistan
BANK ALFALAH LIMITED,KARACHI,CENTRALIZED CLEARING DEPARTMENT,ALFHPKKACCL,Pakistan
BANK ALFALAH LIMITED,KARACHI,CENTRALIZED EXPORT DEPARTMENT,ALFHPKKACED,Pakistan
BANK ALFALAH LIMITED,KARACHI,CENTRALIZED GUARANTEES DEPARTMENT,ALFHPKKACGD,Pakistan
BANK ALFALAH LIMITED,KARACHI,CENTRALIZED IMPORTS DEPARTMENT,ALFHPKKACID,Pakistan
BANK ALFALAH LIMITED,KARACHI,CENTRALIZED ISLAMIC TRADE,ALFHPKKACIT,Pakistan
BANK ALFALAH LIMITED,KARACHI,CENTRALIZED REMITTANCE DEPARTMENT,ALFHPKKACRD,Pakistan
BANK ALFALAH LIMITED,KARACHI,"ISLAMIC BANKING, UNI TOWERS BRANCH",ALFHPKKA505,Pakistan
BANK ALFALAH LIMITED,KARACHI,RDA REMITTANCES,ALFHPKKARDA,Pakistan
BANK ALFALAH LIMITED,KARACHI,TREASURY OPERATIONS (CON),ALFHPKKATRY,Pakistan
BANK ALFALAH LIMITED,LAHORE,"GULBERG BRANCH, LAHORE",ALFHPKKAGBL,Pakistan
BANK ALFALAH LIMITED,MULTAN,QUAID-E-AZAM ROAD BR MULTAN CANTT,ALFHPKKA285,Pakistan
BANK ALFALAH LIMITED,SIALKOT,SIALKOT BRANCH,ALFHPKKASKT,Pakistan
BANK MAKRAMAH LIMITED (FORMERLY SUMMIT BANK LIMITED),KARACHI,,SUMBPKKA,Pakistan
BANK MAKRAMAH LIMITED (FORMERLY SUMMIT BANK LIMITED),KARACHI,FOREX AND TREASURY DEPARTMENT,SUMBPKKATRY,Pakistan
BANK MAKRAMAH LIMITED (FORMERLY SUMMIT BANK LIMITED),KARACHI,ISLAMIC BANKING GROUP,SUMBPKKAIBG,Pakistan
BANK MAKRAMAH LIMITED (FORMERLY SUMMIT BANK LIMITED),KARACHI,TRADE PROCESSING CENTER (SOUTH),SUMBPKKAKHI,Pakistan
BANK MAKRAMAH LIMITED (FORMERLY SUMMIT BANK LIMITED),LAHORE,TRADE PROCESSING CENTRE (NORTH),SUMBPKKALHE,Pakistan
BANK OF CHINA LIMITED KARACHI BRANCH,KARACHI,,BKCHPKKA,Pakistan
"BANK OF KHYBER, THE",KARACHI,ISLAMIC BANKING DIVISION,KHYBPKKA024,Pakistan
"BANK OF KHYBER, THE",KARACHI,TREASURY OPERATIONS,KHYBPKKATRY,Pakistan
"BANK OF KHYBER, THE",PESHAWAR,,KHYBPKKA,Pakistan
BANKISLAMI PAKISTAN LIMITED,KARACHI,,BKIPPKKA,Pakistan
BHAYANI SECURITIES (PRIVATE) LIMITED,KARACHI,,KABBPKK1,Pakistan
BMA CAPITAL MANAGEMENT LIMITED,KARACHI,,BMCMPKK1,Pakistan
CENTRAL DEPOSITORY COMPANY OF PAKISTAN LIMITED,KARACHI,,CDCPPKK1,Pakistan
CHASE SECURITIES PAKISTAN (PRIVATE) LIMITED,KARACHI,,CSPVPKK2,Pakistan
CITIBANK N.A.,FAISALABAD,,CITIPKKXFAI,Pakistan
CITIBANK N.A.,KARACHI,,CITIPKKX,Pakistan
CITIBANK N.A.,KARACHI,TRADE SERVICES DEPARTMENT - ALL BRANCHES,CITIPKKXTRD,Pakistan
CITIBANK N.A.,LAHORE,,CITIPKKXLAH,Pakistan
CITIBANK N.A.,RAWALPINDI,,CITIPKKXRAW,Pakistan
"DEUTSCHE BANK AG, ISLAMABAD BRANCH",ISLAMABAD,,DEUTPKK1ISL,Pakistan
"DEUTSCHE BANK AG, KARACHI BRANCH",KARACHI,,DEUTPKKA,Pakistan
"DEUTSCHE BANK AG, KARACHI BRANCH",LAHORE,LAHORE BRANCH,DEUTPKKALHR,Pakistan
"DEUTSCHE BANK AG, LAHORE BRANCH",LAHORE,,DEUTPKK102L,Pakistan
DUBAI ISLAMIC BANK PAKISTAN LIMITED,KARACHI,,DUIBPKKA,Pakistan
DUBAI ISLAMIC BANK PAKISTAN LIMITED,KARACHI,,DUIBPKKARDA,Pakistan
EFG HERMES PAKISTAN LIMITED,KARACHI,,EFHPPKK1,Pakistan
ELIXIR SECURITIES PAKISTAN (PVT) LTD,KARACHI,,WICAPKK1,Pakistan
FAYSAL BANK LIMITED,FAISALABAD,FAISALABAD BRANCH,FAYSPKKA111,Pakistan
FAYSAL BANK LIMITED,ISLAMABAD,F-10 MARKAZ BRANCH,FAYSPKKA126,Pakistan
FAYSAL BANK LIMITED,ISLAMABAD,ISLAMABAD BLUE AREA BRANCH,FAYSPKKA113,Pakistan
FAYSAL BANK LIMITED,KARACHI,,FAYSPKKA,Pakistan
FAYSAL BANK LIMITED,KARACHI,CLIFTON BRANCH,FAYSPKKA118,Pakistan
FAYSAL BANK LIMITED,KARACHI,DHA-KARACHI BRANCH,FAYSPKKA124,Pakistan
FAYSAL BANK LIMITED,KARACHI,GULSHAN-E-IQBAL BRANCH,FAYSPKKA119,Pakistan
FAYSAL BANK LIMITED,KARACHI,ISLAMIC BANKING DIVISION,FAYSPKKAIBD,Pakistan
FAYSAL BANK LIMITED,KARACHI,JODIA BAZAR BRANCH,FAYSPKKA123,Pakistan
FAYSAL BANK LIMITED,KARACHI,ROSHAN DIGITAL ACCOUNT,FAYSPKKARDA,Pakistan
FAYSAL BANK LIMITED,KARACHI,"SHAHEED-E-MILLAT BRANCH, KARACHI",FAYSPKKA127,Pakistan
FAYSAL BANK LIMITED,LAHORE,DHA-LAHORE BRANCH,FAYSPKKA125,Pakistan
FAYSAL BANK LIMITED,LAHORE,GULBERG BRANCH,FAYSPKKA117,Pakistan
FAYSAL BANK LIMITED,LAHORE,LAHORE MALL BRANCH,FAYSPKKA112,Pakistan
FAYSAL BANK LIMITED,MIRPUR,MIRPUR -AJ AND K- BRANCH,FAYSPKKA116,Pakistan
FAYSAL BANK LIMITED,MULTAN,MULTAN BRANCH,FAYSPKKA121,Pakistan
FAYSAL BANK LIMITED,PESHAWAR,PESHAWAR BRANCH,FAYSPKKA114,Pakistan
FAYSAL BANK LIMITED,QUETTA,QUETTA BRANCH,FAYSPKKA115,Pakistan
FAYSAL BANK LIMITED,RAWALPINDI,RAWALPINDI BRANCH,FAYSPKKA120,Pakistan
FAYSAL BANK LIMITED,SIALKOT,SIALKOT BRANCH,FAYSPKKA122,Pakistan
FIRST CAPITAL EQUITIES LIMITED,KARACHI,,FCEQPKK1,Pakistan
FIRST WOMEN BANK LIMITED,KARACHI,,FWOMPKKA,Pakistan
HABIB BANK LIMITED,FAISALABAD,ALLAMA IQBAL ROAD BRANCH,HABBPKKA852,Pakistan
HABIB BANK LIMITED,FAISALABAD,CIRCULAR ROAD BRANCH,HABBPKKA143,Pakistan
HABIB BANK LIMITED,FAISALABAD,CORPORATE CENTRE,HABBPKKA152,Pakistan
HABIB BANK LIMITED,FAISALABAD,D.GROUND P.COLONY BRANCH,HABBPKKA683,Pakistan
HABIB BANK LIMITED,FAISALABAD,MADINA TOWN BRANCH,HABBPKKA748,Pakistan
HABIB BANK LIMITED,GUJRANWALA,BANK SQUARE BRANCH,HABBPKKA109,Pakistan
HABIB BANK LIMITED,GUJRANWALA,G.T. ROAD BRANCH,HABBPKKA682,Pakistan
HABIB BANK LIMITED,GUJRAT,CIRCULAR ROAD BRANCH,HABBPKKA111,Pakistan
HABIB BANK LIMITED,HYDERABAD,CORPORATE CENTRE,HABBPKKA260,Pakistan
HABIB BANK LIMITED,HYDERABAD,STATION ROAD BRANCH,HABBPKKA068,Pakistan
HABIB BANK LIMITED,ISLAMABAD,CDA CIVIC CENTRE BRANCH,HABBPKKA602,Pakistan
HABIB BANK LIMITED,ISLAMABAD,ISLAMABAD CORPORATE CENTRE,HABBPKKA874,Pakistan
HABIB BANK LIMITED,JHANG,SHAHEED ROAD BRANCH,HABBPKKA114,Pakistan
HABIB BANK LIMITED,KARACHI,,HABBPKKA,Pakistan
HABIB BANK LIMITED,KARACHI,BAHADURABAD BRANCH,HABBPKKA526,Pakistan
HABIB BANK LIMITED,KARACHI,CENTRAL BRANCH,HABBPKKA786,Pakistan
HABIB BANK LIMITED,KARACHI,CENTRAL PROCESSING UNIT - GLOBAL OPERATIONS,HABBPKKATIC,Pakistan
HABIB BANK LIMITED,KARACHI,CLOTH MARKET BRANCH,HABBPKKA004,Pakistan
HABIB BANK LIMITED,KARACHI,CORPORATE SUB-CENTRE-PIA BRANCH,HABBPKKA048,Pakistan
HABIB BANK LIMITED,KARACHI,F.T.C. CORPORATE CENTRE,HABBPKKA216,Pakistan
HABIB BANK LIMITED,KARACHI,FOREIGN EXCHANGE BRANCH - HABIB SQUARE,HABBPKKA007,Pakistan
HABIB BANK LIMITED,KARACHI,HEAD OFFICE - TREASURY,HABBPKKATRY,Pakistan
HABIB BANK LIMITED,KARACHI,INDUSTRIAL ESTATE CORPORATE CENTRE,HABBPKKA947,Pakistan
HABIB BANK LIMITED,KARACHI,ISLAMIC BANKING,HABBPKKAISL,Pakistan
HABIB BANK LIMITED,KARACHI,NAPIER ROAD BRANCH,HABBPKKA023,Pakistan
HABIB BANK LIMITED,KARACHI,NURSERY BRANCH,HABBPKKA027,Pakistan
HABIB BANK LIMITED,KARACHI,OBU-K.E.P.Z. BRANCH,HABBPKKAEPZ,Pakistan
HABIB BANK LIMITED,KARACHI,PAK A/C - RECONCILIATION DIVISION - H.O.K,HABBPKKAREC,Pakistan
HABIB BANK LIMITED,KARACHI,ROSHAN DIGITAL REMITTANCES,HABBPKKARDA,Pakistan
HABIB BANK LIMITED,KARACHI,RTGS SERVICES,HABBPKKARTG,Pakistan
HABIB BANK LIMITED,KARACHI,S.D.V. BRANCH,HABBPKKA034,Pakistan
HABIB BANK LIMITED,KARACHI,SADDAR BRANCH,HABBPKKA033,Pakistan
HABIB BANK LIMITED,KARACHI,TARIQ ROAD BRANCH,HABBPKKA038,Pakistan
HABIB BANK LIMITED,LAHORE,BADAMI BAGH BRANCH,HABBPKKA122,Pakistan
HABIB BANK LIMITED,LAHORE,BRANDRETH ROAD BRANCH,HABBPKKA124,Pakistan
HABIB BANK LIMITED,LAHORE,CANTONMENT BRANCH,HABBPKKA125,Pakistan
HABIB BANK LIMITED,LAHORE,CENTRE BRANCH,HABBPKKA242,Pakistan
HABIB BANK LIMITED,LAHORE,L.D.A. PLAZA BRANCH,HABBPKKA315,Pakistan
HABIB BANK LIMITED,LAHORE,MAIN MARKET GULBERG CENTRE BRANCH,HABBPKKA172,Pakistan
HABIB BANK LIMITED,LAHORE,OPP. HIGH COURT BRANCH,HABBPKKA617,Pakistan
HABIB BANK LIMITED,LAHORE,PANORAMA CENTRE BRANCH,HABBPKKA741,Pakistan
HABIB BANK LIMITED,LAHORE,PECO ROAD BRANCH,HABBPKKA589,Pakistan
HABIB BANK LIMITED,LAHORE,SHAH ALAM MARKET BRANCH,HABBPKKA134,Pakistan
HABIB BANK LIMITED,LAHORE,THE MALL BRANCH,HABBPKKA135,Pakistan
HABIB BANK LIMITED,LAHORE,WAPDA HOUSE BRANCH,HABBPKKA552,Pakistan
HABIB BANK LIMITED,MIRPUR,MAIN BRANCH,HABBPKKA190,Pakistan
HABIB BANK LIMITED,MULTAN,CANTONMENT BRANCH,HABBPKKA211,Pakistan
HABIB BANK LIMITED,MULTAN,CORPORATE CENTRE,HABBPKKA270,Pakistan
HABIB BANK LIMITED,MULTAN,HUSSAIN AGAHI BR. MULTAN BRANCH,HABBPKKA150,Pakistan
HABIB BANK LIMITED,PESHAWAR,CANTONMENT BRANCH,HABBPKKA224,Pakistan
HABIB BANK LIMITED,PESHAWAR,CITY BRANCH,HABBPKKA223,Pakistan
HABIB BANK LIMITED,PESHAWAR,CORPORATE CENTRE,HABBPKKA959,Pakistan
HABIB BANK LIMITED,QUETTA,COMPLEX BRANCH,HABBPKKA649,Pakistan
HABIB BANK LIMITED,QUETTA,JINNAH ROAD BRANCH,HABBPKKA229,Pakistan
HABIB BANK LIMITED,RAWALPINDI,CANTT. BRANCH,HABBPKKA155,Pakistan
HABIB BANK LIMITED,RAWALPINDI,CITY BRANCH,HABBPKKA156,Pakistan
HABIB BANK LIMITED,RAWALPINDI,S.D.V. BRANCH,HABBPKKA814,Pakistan
HABIB BANK LIMITED,SAHIWAL,JINNAH CHOWK BRANCH,HABBPKKA147,Pakistan
HABIB BANK LIMITED,SARGODHA,KUTCHERY BAZAR BRANCH,HABBPKKA162,Pakistan
HABIB BANK LIMITED,SIALKOT,CITY BRANCH,HABBPKKA166,Pakistan
HABIB BANK LIMITED,SIALKOT,CORPORATE CENTRE,HABBPKKA574,Pakistan
HABIB BANK LIMITED,SIALKOT,M.F.ELAHI BLDG BRANCH,HABBPKKA541,Pakistan
HABIB BANK LIMITED,SIALKOT,SMALL INDUSTRIAL ESTATE BRANCH,HABBPKKA285,Pakistan
HABIB BANK LIMITED,SUKKUR,FRERE ROAD BRANCH,HABBPKKA082,Pakistan
HABIB BANK LIMITED,WAH CANTT,WAH CANTT BRANCH,HABBPKKA170,Pakistan
HABIB BANK LIMITED,WAZIRABAD,MAIN BAZAR BRANCH,HABBPKKA464,Pakistan
HABIB METROPOLITAN BANK LIMITED,FAISALABAD,CENTRALIZED EXPORTS - FAISALABAD,MPBLPKKACEF,Pakistan
HABIB METROPOLITAN BANK LIMITED,FAISALABAD,FAISALABAD BRANCH,MPBLPKKA009,Pakistan
HABIB METROPOLITAN BANK LIMITED,FAISALABAD,SARGODHA ROAD BRANCH,MPBLPKKA054,Pakistan
HABIB METROPOLITAN BANK LIMITED,GUJRANWALA,GUJRANWALA BRANCH,MPBLPKKA019,Pakistan
HABIB METROPOLITAN BANK LIMITED,HYDERABAD,HYDERABAD BRANCH,MPBLPKKA007,Pakistan
HABIB METROPOLITAN BANK LIMITED,ISLAMABAD,F-10 MARKAZ BRANCH,MPBLPKKA047,Pakistan
HABIB METROPOLITAN BANK LIMITED,ISLAMABAD,ISLAMABAD BRANCH,MPBLPKKA010,Pakistan
HABIB METROPOLITAN BANK LIMITED,KARACHI,,MPBLPKKA,Pakistan
HABIB METROPOLITAN BANK LIMITED,KARACHI,ALAMGIR ROAD BRANCH,MPBLPKKA029,Pakistan
HABIB METROPOLITAN BANK LIMITED,KARACHI,ALLAMA IQBAL ROAD BRANCH,MPBLPKKA081,Pakistan
HABIB METROPOLITAN BANK LIMITED,KARACHI,BOAT BASIN CLIFTON BRANCH,MPBLPKKA051,Pakistan
HABIB METROPOLITAN BANK LIMITED,KARACHI,BUSINESS AVENUE BRANCH,MPBLPKKA065,Pakistan
HABIB METROPOLITAN BANK LIMITED,KARACHI,CENTRAL IMPORT UNIT,MPBLPKKACIU,Pakistan
HABIB METROPOLITAN BANK LIMITED,KARACHI,CENTRAL PROCESSING UNIT,MPBLPKKACEU,Pakistan
HABIB METROPOLITAN BANK LIMITED,KARACHI,CENTRALIZED REMITTANCE UNIT,MPBLPKKACRU,Pakistan
HABIB METROPOLITAN BANK LIMITED,KARACHI,CERAMIC MARKET BRANCH,MPBLPKKA040,Pakistan
HABIB METROPOLITAN BANK LIMITED,KARACHI,CITY COURT BRANCH,MPBLPKKA058,Pakistan
HABIB METROPOLITAN BANK LIMITED,KARACHI,CLOTH MARKET BRANCH,MPBLPKKA011,Pakistan
HABIB METROPOLITAN BANK LIMITED,KARACHI,D.H.A. BRANCH,MPBLPKKA024,Pakistan
HABIB METROPOLITAN BANK LIMITED,KARACHI,DHA PHASE II BRANCH,MPBLPKKA077,Pakistan
HABIB METROPOLITAN BANK LIMITED,KARACHI,DHORAJI BRANCH,MPBLPKKA033,Pakistan
HABIB METROPOLITAN BANK LIMITED,KARACHI,GULISTAN-E-JOHAR BRANCH,MPBLPKKA078,Pakistan
HABIB METROPOLITAN BANK LIMITED,KARACHI,GULSHAN CHOWRANGI BRANCH,MPBLPKKA037,Pakistan
HABIB METROPOLITAN BANK LIMITED,KARACHI,GULSHAN-E-IQBAL BRANCH,MPBLPKKA014,Pakistan
HABIB METROPOLITAN BANK LIMITED,KARACHI,HBZ BAHADURABAD BRANCH,MPBLPKKA068,Pakistan
HABIB METROPOLITAN BANK LIMITED,KARACHI,HBZ CLIFTON BRANCH,MPBLPKKA057,Pakistan
HABIB METROPOLITAN BANK LIMITED,KARACHI,HBZ PLAZA BRANCH,MPBLPKKA052,Pakistan
HABIB METROPOLITAN BANK LIMITED,KARACHI,HYDERI BRANCH,MPBLPKKA031,Pakistan
HABIB METROPOLITAN BANK LIMITED,KARACHI,ISLAMIC BANKING JODIA BAZAR BRANCH,MPBLPKKA043,Pakistan
HABIB METROPOLITAN BANK LIMITED,KARACHI,ISLAMIC BANKING TREASURY,MPBLPKKAIBD,Pakistan
HABIB METROPOLITAN BANK LIMITED,KARACHI,ISLAMIC BANKING-ALFALAH COURT BRANCH,MPBLPKKA064,Pakistan
HABIB METROPOLITAN BANK LIMITED,KARACHI,JODIA BAZAR BRANCH,MPBLPKKA015,Pakistan
HABIB METROPOLITAN BANK LIMITED,KARACHI,KARACHI STOCK EXCHANGE BRANCH,MPBLPKKA018,Pakistan
HABIB METROPOLITAN BANK LIMITED,KARACHI,KARIMABAD BRANCH,MPBLPKKA022,Pakistan
HABIB METROPOLITAN BANK LIMITED,KARACHI,KHALID BIN WALID BRANCH,MPBLPKKA038,Pakistan
HABIB METROPOLITAN BANK LIMITED,KARACHI,KHAYABAN-E-ITTEHAD BRANCH,MPBLPKKA030,Pakistan
HABIB METROPOLITAN BANK LIMITED,KARACHI,KHAYABAN-E-SHAHBAZ BRANCH,MPBLPKKA070,Pakistan
HABIB METROPOLITAN BANK LIMITED,KARACHI,KORANGI BRANCH,MPBLPKKA026,Pakistan
HABIB METROPOLITAN BANK LIMITED,KARACHI,KORANGI INDUSTRIAL AREA BRANCH,MPBLPKKA062,Pakistan
HABIB METROPOLITAN BANK LIMITED,KARACHI,LANDHI BRANCH,MPBLPKKA039,Pakistan
HABIB METROPOLITAN BANK LIMITED,KARACHI,LINES AREA BRANCH,MPBLPKKA083,Pakistan
HABIB METROPOLITAN BANK LIMITED,KARACHI,M.A.JINNAH ROAD BRANCH,MPBLPKKA020,Pakistan
HABIB METROPOLITAN BANK LIMITED,KARACHI,MAIN BRANCH,MPBLPKKA001,Pakistan
HABIB METROPOLITAN BANK LIMITED,KARACHI,MANGOPIR ROAD BRANCH,MPBLPKKA075,Pakistan
HABIB METROPOLITAN BANK LIMITED,KARACHI,MARRIOT ROAD BRANCH,MPBLPKKA063,Pakistan
HABIB METROPOLITAN BANK LIMITED,KARACHI,MEREWEATHER BRANCH,MPBLPKKA056,Pakistan
HABIB METROPOLITAN BANK LIMITED,KARACHI,MISSION ROAD BRANCH,MPBLPKKA073,Pakistan
HABIB METROPOLITAN BANK LIMITED,KARACHI,NORTH KARACHI INDUSTRIAL AREA BRANCH,MPBLPKKA035,Pakistan
HABIB METROPOLITAN BANK LIMITED,KARACHI,NORTH NAPIER ROAD BRANCH,MPBLPKKA021,Pakistan
HABIB METROPOLITAN BANK LIMITED,KARACHI,NORTH NAZIMABAD BRANCH,MPBLPKKA071,Pakistan
HABIB METROPOLITAN BANK LIMITED,KARACHI,OFF SHORE BANKING UNIT EPZ BRANCH,MPBLPKKAEPZ,Pakistan
HABIB METROPOLITAN BANK LIMITED,KARACHI,PAPER MARKET BRANCH,MPBLPKKA013,Pakistan
HABIB METROPOLITAN BANK LIMITED,KARACHI,PAPOSH NAGAR BRANCH,MPBLPKKA041,Pakistan
HABIB METROPOLITAN BANK LIMITED,KARACHI,PLAZA SQUARE BRANCH,MPBLPKKA059,Pakistan
HABIB METROPOLITAN BANK LIMITED,KARACHI,PREEDY STREET BRANCH,MPBLPKKA066,Pakistan
HABIB METROPOLITAN BANK LIMITED,KARACHI,RASHID MINHAS ROAD BRANCH,MPBLPKKA072,Pakistan
HABIB METROPOLITAN BANK LIMITED,KARACHI,ROSHAN DIGITAL ACCOUNT,MPBLPKKARDA,Pakistan
HABIB METROPOLITAN BANK LIMITED,KARACHI,S.I.T.E. BRANCH,MPBLPKKA023,Pakistan
HABIB METROPOLITAN BANK LIMITED,KARACHI,SADDAR BRANCH,MPBLPKKA028,Pakistan
HABIB METROPOLITAN BANK LIMITED,KARACHI,SHARAH-E-FAISAL BRANCH,MPBLPKKA012,Pakistan
HABIB METROPOLITAN BANK LIMITED,KARACHI,SHERSHAH BRANCH,MPBLPKKA045,Pakistan
HABIB METROPOLITAN BANK LIMITED,KARACHI,SITE AVENUE BRANCH,MPBLPKKA060,Pakistan
HABIB METROPOLITAN BANK LIMITED,KARACHI,SOLDIER BAZAR BRANCH,MPBLPKKA079,Pakistan
HABIB METROPOLITAN BANK LIMITED,KARACHI,TEXTILE PLAZA BRANCH,MPBLPKKA042,Pakistan
HABIB METROPOLITAN BANK LIMITED,KARACHI,TIMBER MARKET BRANCH,MPBLPKKA027,Pakistan
HABIB METROPOLITAN BANK LIMITED,KARACHI,"TREASURY DEPT. , HEAD OFFICE",MPBLPKKA092,Pakistan
HABIB METROPOLITAN BANK LIMITED,KARACHI,U.P. MORE BRANCH,MPBLPKKA080,Pakistan
HABIB METROPOLITAN BANK LIMITED,KARACHI,UNIVERSITY ROAD BRANCH,MPBLPKKA050,Pakistan
HABIB METROPOLITAN BANK LIMITED,KARACHI,WATER PUMP BRANCH,MPBLPKKA044,Pakistan
HABIB METROPOLITAN BANK LIMITED,KASUR,KASUR BRANCH,MPBLPKKA017,Pakistan
HABIB METROPOLITAN BANK LIMITED,LAHORE,BADAMI BAGH BRANCH,MPBLPKKA046,Pakistan
HABIB METROPOLITAN BANK LIMITED,LAHORE,BAGHBANPURA BRANCH,MPBLPKKA067,Pakistan
HABIB METROPOLITAN BANK LIMITED,LAHORE,CENTRALIZED EXPORTS - LAHORE,MPBLPKKACEL,Pakistan
HABIB METROPOLITAN BANK LIMITED,LAHORE,CIRCULAR ROAD BRANCH,MPBLPKKA032,Pakistan
HABIB METROPOLITAN BANK LIMITED,LAHORE,DAVIS ROAD BRANCH,MPBLPKKA053,Pakistan
HABIB METROPOLITAN BANK LIMITED,LAHORE,DEFENCE BRANCH,MPBLPKKA034,Pakistan
HABIB METROPOLITAN BANK LIMITED,LAHORE,GARDEN TOWN BRANCH,MPBLPKKA074,Pakistan
HABIB METROPOLITAN BANK LIMITED,LAHORE,GULBERG BRANCH,MPBLPKKA025,Pakistan
HABIB METROPOLITAN BANK LIMITED,LAHORE,ISLAMIC BANKING GULBERG BRANCH,MPBLPKKA082,Pakistan
HABIB METROPOLITAN BANK LIMITED,LAHORE,LAHORE BRANCH,MPBLPKKA002,Pakistan
HABIB METROPOLITAN BANK LIMITED,LAHORE,MAIN BOULEVARD BRANCH,MPBLPKKA061,Pakistan
HABIB METROPOLITAN BANK LIMITED,LAHORE,MODEL TOWN BRANCH,MPBLPKKA048,Pakistan
HABIB METROPOLITAN BANK LIMITED,LAHORE,RAIWIND ROAD BRANCH,MPBLPKKA069,Pakistan
HABIB METROPOLITAN BANK LIMITED,LAHORE,RAVI ROAD BRANCH,MPBLPKKA076,Pakistan
HABIB METROPOLITAN BANK LIMITED,LAHORE,SHAHRAH-E-QUAID-E-AZAM BRANCH,MPBLPKKA084,Pakistan
HABIB METROPOLITAN BANK LIMITED,MIRPUR,MIRPUR (A.K.) BRANCH,MPBLPKKA005,Pakistan
HABIB METROPOLITAN BANK LIMITED,MULTAN,MULTAN BRANCH,MPBLPKKA008,Pakistan
HABIB METROPOLITAN BANK LIMITED,PESHAWAR,PESHAWAR BRANCH,MPBLPKKA003,Pakistan
HABIB METROPOLITAN BANK LIMITED,QUETTA,QUETTA BRANCH,MPBLPKKA004,Pakistan
HABIB METROPOLITAN BANK LIMITED,RAHIM YAR KHAN,RAHIM YAR KHAN BRANCH,MPBLPKKA016,Pakistan
HABIB METROPOLITAN BANK LIMITED,RAWALPINDI,MURREE ROAD BRANCH,MPBLPKKA055,Pakistan
HABIB METROPOLITAN BANK LIMITED,RAWALPINDI,RAWALPINDI BRANCH,MPBLPKKA036,Pakistan
HABIB METROPOLITAN BANK LIMITED,SIALKOT,CENTRALIZED EXPORTS - SIALKOT,MPBLPKKACES,Pakistan
HABIB METROPOLITAN BANK LIMITED,SIALKOT,SIALKOT BRANCH,MPBLPKKA006,Pakistan
HABIB METROPOLITAN BANK LIMITED,SIALKOT,SMALL INDUSTRIAL ESTATES BRANCH,MPBLPKKA049,Pakistan
HSBC BANK OMAN S.A.O.G. (FORMERLY OMAN INTERNATIONAL BANK),KARACHI,,OIBAPKK1,Pakistan
HSBC BANK OMAN S.A.O.G. (FORMERLY OMAN INTERNATIONAL BANK),LAHORE,LAHORE BRANCH,OIBAPKK1LHR,Pakistan
IGI FINEX SECURITIES,KARACHI,,IGFSPKK1,Pakistan
"INDUSTRIAL AND COMMERCIAL BANK OF CHINA, KARACHI BRANCH",KARACHI,,ICBKPKKA,Pakistan
"INDUSTRIAL AND COMMERCIAL BANK OF CHINA, KARACHI BRANCH",KARACHI,RMB CLEARING,ICBKPKKACLR,Pakistan
INSIGHT SECURITIES (PRIVATE) LTD,KARACHI,,ISSTPKK1,Pakistan
INTERMARKET SECURITIES LIMITED,KARACHI,,ITSRPKK1,Pakistan
INVISOR SECURITIES (PVT) LIMITED,KARACHI,,IVSPPKK1,Pakistan
JAHANGIR SIDDIQUI AND COMPANY LIMITED,KARACHI,,JESIPKK1,Pakistan
JARDINE FLEMING PAKISTAN LTD.,KARACHI,,JAFPPKK1,Pakistan
JS BANK LIMITED,KARACHI,,JSBLPKKA,Pakistan
JS BANK LIMITED,KARACHI,ROSHAN DIGITAL ACCOUNT,JSBLPKKARDA,Pakistan
JS BANK LIMITED,LAHORE,LAHORE BRANCH,JSBLPKKALHR,Pakistan
JS GLOBAL CAPITAL LIMITED,KARACHI,,JSCMPKK1,Pakistan
KHADIM ALI SHAH BUKHARI AND CO. LTD,KARACHI,,KASBPKK1,Pakistan
KTRADE SECURITIES LIMITED,KARACHI,,KTSEPKK2,Pakistan
MAJEED ADAM,KARACHI,,MAADPKK1,Pakistan
MCB BANK LIMITED,FAISALABAD,CIRCULAR ROAD,MUCBPKKACRF,Pakistan
MCB BANK LIMITED,FAISALABAD,"TRADE SERVICES CENTRE, FAISALABAD",MUCBPKKATSF,Pakistan
MCB BANK LIMITED,GUJRANWALA,BANK SQUARE,MUCBPKKABSG,Pakistan
MCB BANK LIMITED,GUJRANWALA,"TRADE SERVICES CENTRE, GUJRANWALA",MUCBPKKATSG,Pakistan
MCB BANK LIMITED,ISLAMABAD,MAIN CIVIC CENTRE BRANCH,MUCBPKKAMCC,Pakistan
MCB BANK LIMITED,ISLAMABAD,"TRADE SERVICES CENTRE, ISLAMABAD",MUCBPKKATSI,Pakistan
MCB BANK LIMITED,KARACHI,,MUCBPKKA,Pakistan
MCB BANK LIMITED,KARACHI,"CORPORATE BRANCH MCB TOWER, KARACHI",MUCBPKKASCK,Pakistan
MCB BANK LIMITED,KARACHI,EXPORT PROCESSING ZONE,MUCBPKKAEPZ,Pakistan
MCB BANK LIMITED,KARACHI,JODIA BAZAR BRANCH,MUCBPKKAJBK,Pakistan
MCB BANK LIMITED,KARACHI,MAIN BRANCH,MUCBPKKAMBK,Pakistan
MCB BANK LIMITED,KARACHI,NEW CHALLI BRANCH,MUCBPKKANCK,Pakistan
MCB BANK LIMITED,KARACHI,"TRADE SERVICES CENTRE, KARACHI",MUCBPKKATSK,Pakistan
MCB BANK LIMITED,KARACHI,TREASURY-RTGS,MUCBPKKARTG,Pakistan
MCB BANK LIMITED,LAHORE,NILA GUMBAD BRANCH,MUCBPKKANGL,Pakistan
MCB BANK LIMITED,LAHORE,ROSHAN DIGITAL ACCOUNT PAKISTAN,MUCBPKKARDA,Pakistan
MCB BANK LIMITED,LAHORE,"TRADE SERVICES CENTRE, LAHORE",MUCBPKKATSL,Pakistan
MCB BANK LIMITED,MULTAN,HUSSAIN AGAHI ROAD BRANCH,MUCBPKKAHAM,Pakistan
MCB BANK LIMITED,MULTAN,"TRADE SERVICES CENTRE, MULTAN",MUCBPKKATSM,Pakistan
MCB BANK LIMITED,PESHAWAR,CHOWK YADGAR,MUCBPKKACYP,Pakistan
MCB BANK LIMITED,PESHAWAR,CHOWK YADGAR BRANCH,MUCBPKKATSP,Pakistan
MCB BANK LIMITED,SIALKOT,"TRADE SERVICES CENTRE, SIALKOT",MUCBPKKATSS,Pakistan
MCB BANK LIMITED,SIALKOT,TRUNK BAZAR BRANCH,MUCBPKKATBS,Pakistan
MCB ISLAMIC BANK LIMITED,LAHORE,,MCIBPKKI,Pakistan
MEEZAN BANK LIMITED,FAISALABAD,CIVIL LINES,MEZNPKKAFSD,Pakistan
MEEZAN BANK LIMITED,GUJRANWALA,"GUJRANWALA BRANCH, TRADE FINANCE DEPARTMENT",MEZNPKKAGRW,Pakistan
MEEZAN BANK LIMITED,ISLAMABAD,JINNAH AVENUE,MEZNPKKAISD,Pakistan
MEEZAN BANK LIMITED,ISLAMABAD,MBL TFD ISD I9 MARKAZ,MEZNPKKAIS2,Pakistan
MEEZAN BANK LIMITED,KARACHI,,MEZNPKKA,Pakistan
MEEZAN BANK LIMITED,KARACHI,"BIN QASIM BRANCH, TRADE FINANCE DEPARTMENT",MEZNPKKAK04,Pakistan
MEEZAN BANK LIMITED,KARACHI,"DHA PHASE II EXTENSION BRANCH, TRADE FINANCE DEPARTMENT",MEZNPKKADHA,Pakistan
MEEZAN BANK LIMITED,KARACHI,"HEAD OFFICE, GLOBAL REMITTANCE DEPARTMENT",MEZNPKKAGRD,Pakistan
MEEZAN BANK LIMITED,KARACHI,"HEAD OFFICE, TRADE FINANCE DEPARTMENT",MEZNPKKATFD,Pakistan
MEEZAN BANK LIMITED,KARACHI,"HEAD OFFICE, TREASURY BACK OFFICE",MEZNPKKATRY,Pakistan
MEEZAN BANK LIMITED,KARACHI,"KORANGI BRANCH, TRADE FINANCE DEPARTMENT",MEZNPKKAK02,Pakistan
MEEZAN BANK LIMITED,KARACHI,MBL GRD OUTWARD REMITTANCE,MEZNPKKAGRO,Pakistan
MEEZAN BANK LIMITED,KARACHI,MBL HO CAD,MEZNPKKACAD,Pakistan
MEEZAN BANK LIMITED,KARACHI,MBL HO EXPORTS,MEZNPKKAEXP,Pakistan
MEEZAN BANK LIMITED,KARACHI,MBL HO HOME REMITTANCE,MEZNPKKAHRU,Pakistan
MEEZAN BANK LIMITED,KARACHI,NEW CHALLIE,MEZNPKKAK01,Pakistan
MEEZAN BANK LIMITED,KARACHI,ROSHAN DIGITAL ACCOUNT,MEZNPKKARDA,Pakistan
MEEZAN BANK LIMITED,KARACHI,"SITE AREA BRANCH, TRADE FINANCE DEPARTMENT",MEZNPKKAK03,Pakistan
MEEZAN BANK LIMITED,LAHORE,"CIRCULAR ROAD BRANCH, LAHORE, TRADE FINANCE DEPARTMENT",MEZNPKKALH2,Pakistan
MEEZAN BANK LIMITED,LAHORE,GULBERG,MEZNPKKALHR,Pakistan
MEEZAN BANK LIMITED,MULTAN,NAWAH SHAHER,MEZNPKKAMTN,Pakistan
MEEZAN BANK LIMITED,PESHAWAR,"PESHAWAR BRANCH, TRADE FINANCE DEPARTMENT",MEZNPKKAPEW,Pakistan
MEEZAN BANK LIMITED,RAWALPINDI,MBL TFD RWP BANK ROAD SADDAR,MEZNPKKARWP,Pakistan
MEEZAN BANK LIMITED,SIALKOT,"SIALKOT BRANCH, TRADE FINANCE DEPARTMENT",MEZNPKKASKT,Pakistan
NATIONAL BANK OF PAKISTAN,FAISALABAD,,NBPAPKKA02F,Pakistan
NATIONAL BANK OF PAKISTAN,FAISALABAD,COOPRATE BRANCH,NBPAPKKACOF,Pakistan
NATIONAL BANK OF PAKISTAN,GUJRANWALA,,NBPAPKKA02G,Pakistan
NATIONAL BANK OF PAKISTAN,HYDERABAD,,NBPAPKKA02H,Pakistan
NATIONAL BANK OF PAKISTAN,ISLAMABAD,,NBPAPKKA02I,Pakistan
NATIONAL BANK OF PAKISTAN,ISLAMABAD,CORPORATE,NBPAPKKASMB,Pakistan
NATIONAL BANK OF PAKISTAN,KARACHI,CORPORATE BRANCH,NBPAPKKACPB,Pakistan
NATIONAL BANK OF PAKISTAN,KARACHI,EXPORT PROCESSING ZONE BRANCH OFF-SHORE BANKING BRANCH,NBPAPKKAEPZ,Pakistan
NATIONAL BANK OF PAKISTAN,KARACHI,HEAD OFFICE,NBPAPKKAITD,Pakistan
NATIONAL BANK OF PAKISTAN,KARACHI,HEAD OFFICE,NBPAPKKA,Pakistan
NATIONAL BANK OF PAKISTAN,KARACHI,MAIN BRANCH,NBPAPKKAMBR,Pakistan
NATIONAL BANK OF PAKISTAN,KARACHI,MAIN BRANCH,NBPAPKKAISL,Pakistan
NATIONAL BANK OF PAKISTAN,KARACHI,OVERSEAS BANKING OPERATIONS-HEAD OFFICE KARACHI,NBPAPKKANEC,Pakistan
NATIONAL BANK OF PAKISTAN,LAHORE,,NBPAPKKA02L,Pakistan
NATIONAL BANK OF PAKISTAN,LAHORE,COOPRATE BRANCH,NBPAPKKACBL,Pakistan
NATIONAL BANK OF PAKISTAN,MIRPUR,MAIN BRANCH/CORPORATE BRANCH,NBPAPKKA02U,Pakistan
NATIONAL BANK OF PAKISTAN,MULTAN,,NBPAPKKA02M,Pakistan
NATIONAL BANK OF PAKISTAN,MULTAN,CORPORATE BRANCH,NBPAPKK1COM,Pakistan
NATIONAL BANK OF PAKISTAN,MULTAN,CORPORATE BRANCH,NBPAPKKACBM,Pakistan
NATIONAL BANK OF PAKISTAN,MUZAFFARABAD,,NBPAPKKA02Z,Pakistan
NATIONAL BANK OF PAKISTAN,PESHAWAR,,NBPAPKKA02P,Pakistan
NATIONAL BANK OF PAKISTAN,QUETTA,,NBPAPKKA02Q,Pakistan
NATIONAL BANK OF PAKISTAN,RAWALPINDI,,NBPAPKKA02R,Pakistan
NATIONAL BANK OF PAKISTAN,SIALKOT,DISTRICT COURT BRANCH,NBPAPKKA02S,Pakistan
NAYAPAY (PRIVATE) LIMITED,KARACHI,,NAYAPKK2,Pakistan
NEXT CAPITAL LIMITED,KARACHI,,NEAIPKK1,Pakistan
OPTIMUS CAPITAL MANAGEMENT (PVT) LTD,KARACHI,,OCMVPKK1,Pakistan
PAKISTAN KUWAIT INVESTMENT COMPANY PRIVATE LIMITED,KARACHI,,PKICPKK1,Pakistan
PAKISTAN TOBACCO COMPANY LIMITED,ISLAMABAD,,BATSPKA1,Pakistan
PAKLIBYA HOLDING COMPANY (PRIVATE) LIMITED,KARACHI,,PHCPPKK1,Pakistan
ROYAL INTERNATIONAL EXCHANGE COMPANY (PVT) LTD,SIALKOT,,ROEXPKK1,Pakistan
ROYAL INTERNATIONAL EXCHANGE COMPANY (PVT) LTD,SIALKOT,,ROEXPKK1GAO,Pakistan
ROYAL INTERNATIONAL EXCHANGE COMPANY (PVT) LTD,SIALKOT,BRANCH,ROEXPKK1SKT,Pakistan
RUPALI BANK LIMITED,KARACHI,,RUPBPKK1,Pakistan
SAMBA BANK LIMITED,KARACHI,,SAMBPKKA,Pakistan
SAMBA BANK LIMITED,KARACHI,ROSHAN DIGITAL ACCOUNT,SAMBPKKARDA,Pakistan
SILKBANK LIMITED,KARACHI,,SAUDPKKA,Pakistan
SINDH BANK LIMITED,KARACHI,,SINDPKKA,Pakistan
SME BANK LTD,ISLAMABAD,,SMESPKK1,Pakistan
SONERI BANK LIMITED,BAHAWALPUR,BAHAWALPUR BRANCH,SONEPKKABWP,Pakistan
SONERI BANK LIMITED,FAISALABAD,"MAIN BRANCH,FAISALABAD",SONEPKKAFSD,Pakistan
SONERI BANK LIMITED,GUJRANWALA,MAIN BRANCH GUNJRANWALA,SONEPKKAGJR,Pakistan
SONERI BANK LIMITED,HYDERABAD,"MAIN BRANCH, HYDERABAD",SONEPKKAHYD,Pakistan
SONERI BANK LIMITED,ISLAMABAD,,SONEPKKAMIS,Pakistan
SONERI BANK LIMITED,ISLAMABAD,CENTRALIZED TRADE OPERATIONS,SONEPKKAISD,Pakistan
SONERI BANK LIMITED,KARACHI,,SONEPKKA,Pakistan
SONERI BANK LIMITED,KARACHI,,SONEPKKAMJK,Pakistan
SONERI BANK LIMITED,KARACHI,CENTRALIZED REMITTANCE UNIT,SONEPKKAKAR,Pakistan
SONERI BANK LIMITED,KARACHI,CENTRALIZED TRADE OPERATIONS,SONEPKKACTO,Pakistan
SONERI BANK LIMITED,KARACHI,CLIFTON BRANCH,SONEPKKACKR,Pakistan
SONERI BANK LIMITED,KARACHI,DEFENCE BRANCH,SONEPKKADHK,Pakistan
SONERI BANK LIMITED,KARACHI,FOREX AND TREASURY DEPARTMENT,SONEPKKATRY,Pakistan
SONERI BANK LIMITED,KARACHI,ISLAMIC BANKING CLOTH MARKET BRANCH,SONEPKKAICK,Pakistan
SONERI BANK LIMITED,KARACHI,"JODIA BAZAR, KARACHI",SONEPKKAJKR,Pakistan
SONERI BANK LIMITED,KARACHI,KORANGI INDUSTRIAL AREA BRANCH,SONEPKKAKKR,Pakistan
SONERI BANK LIMITED,KARACHI,NEW CHALLI BRANCH,SONEPKKANCK,Pakistan
SONERI BANK LIMITED,KARACHI,SHAHRAH-E-FAISAL BRANCH,SONEPKKASFK,Pakistan
SONERI BANK LIMITED,KARACHI,SITE BRANCH,SONEPKKASIK,Pakistan
SONERI BANK LIMITED,LAHORE,AKBAR CHOWK BRANCH,SONEPKKAALH,Pakistan
SONERI BANK LIMITED,LAHORE,BADAMI BAGH BRANCH,SONEPKKABBL,Pakistan
SONERI BANK LIMITED,LAHORE,CAVALARY GROUND BRANCH,SONEPKKACGL,Pakistan
SONERI BANK LIMITED,LAHORE,CENTRALIZED TRADE OPERATIONS,SONEPKKALHR,Pakistan
SONERI BANK LIMITED,LAHORE,CHUNGI AMER SADHU,SONEPKKACAL,Pakistan
SONERI BANK LIMITED,LAHORE,"CIRCULAR ROAD, LAHORE BRANCH",SONEPKKACLH,Pakistan
SONERI BANK LIMITED,LAHORE,"DEFENCE BRANCH, LAHORE",SONEPKKADLH,Pakistan
SONERI BANK LIMITED,LAHORE,"GULBERG BRANCH, LAHORE",SONEPKKAGLH,Pakistan
SONERI BANK LIMITED,LAHORE,ISLAMIC BANKING NEW GARDEN TOWN BRANCH,SONEPKKAIGL,Pakistan
SONERI BANK LIMITED,LAHORE,MODEL TOWN BRANCH,SONEPKKAMLH,Pakistan
SONERI BANK LIMITED,LAHORE,"PHASE III, DEFENCE",SONEPKKADPL,Pakistan
SONERI BANK LIMITED,LAHORE,QARTABA CHOWK BRANCH LAHORE,SONEPKKAQCL,Pakistan
SONERI BANK LIMITED,LAHORE,THOKER NIAZ BAIG,SONEPKKATNL,Pakistan
SONERI BANK LIMITED,LAHORE,UPPER MALL BRANCH,SONEPKKAUML,Pakistan
SONERI BANK LIMITED,MULTAN,CENTRALIZED TRADE OPERATIONS,SONEPKKAMTN,Pakistan
SONERI BANK LIMITED,PESHAWAR,,SONEPKKAIBP,Pakistan
SONERI BANK LIMITED,PESHAWAR,"CHOWK YADGAR, PESHAWAR",SONEPKKACYP,Pakistan
SONERI BANK LIMITED,PESHAWAR,"MAIN BRANCH,PESHAWAR",SONEPKKAPSH,Pakistan
SONERI BANK LIMITED,QUETTA,"MAIN BRANCH,QUETTA",SONEPKKAQTA,Pakistan
SONERI BANK LIMITED,RAWALPINDI,MAIN BRANCH RAWALPINDI,SONEPKKARWP,Pakistan
SONERI BANK LIMITED,SIALKOT,CENTRALIZED TRADE OPERATIONS,SONEPKKASKT,Pakistan
SONERI BANK LIMITED,SUKKUR,MAIN BRANCH SUKKUR,SONEPKKASUK,Pakistan
SONERI BANK LIMITED,WAZIRABAD,MAIN BRANCH WAZIRABAD,SONEPKKAWZD,Pakistan
STANDARD CHARTERED BANK (PAKISTAN) LIMITED,KARACHI,,SCBLPKKXEQI,Pakistan
STANDARD CHARTERED BANK (PAKISTAN) LIMITED,KARACHI,,SCBLPKKX,Pakistan
STANDARD CHARTERED BANK (PAKISTAN) LIMITED,KARACHI,CLIFTON BRANCH,SCBLPKKXCLF,Pakistan
STANDARD CHARTERED BANK (PAKISTAN) LIMITED,KARACHI,RDA PROCESSING,SCBLPKKXRDA,Pakistan
STANDARD CHARTERED BANK (PAKISTAN) LIMITED,LAHORE,LAHORE BRANCH,SCBLPKKXLHR,Pakistan
STATE BANK OF PAKISTAN,KARACHI,,SBPPPKKA,Pakistan
TAURUS SECURITIES LIMITED,KARACHI,,TASRPKK1,Pakistan
THE BANK OF PUNJAB,FAISALABAD,SMALL D GROUND BRANCH,BPUNPKKA010,Pakistan
THE BANK OF PUNJAB,GUJRANWALA,TRUST PLAZA BRANCH,BPUNPKKA011,Pakistan
THE BANK OF PUNJAB,KARACHI,CENTRALIZED REMITTANCE UNIT - CRU,BPUNPKKACRU,Pakistan
THE BANK OF PUNJAB,KARACHI,TPC KARACHI,BPUNPKKA239,Pakistan
THE BANK OF PUNJAB,LAHORE,,BPUNPKKA,Pakistan
THE BANK OF PUNJAB,LAHORE,BANK SQUARE BRANCH,BPUNPKKA024,Pakistan
THE BANK OF PUNJAB,LAHORE,"M.M TOWER BRANCH, LAHORE",BPUNPKKA052,Pakistan
THE BANK OF PUNJAB,LAHORE,MAIN TPC CENTRE,BPUNPKKA002,Pakistan
THE BANK OF PUNJAB,LAHORE,ROSHAN DIGITAL ACCOUNT - UNIT,BPUNPKKARDA,Pakistan
THE BANK OF PUNJAB,LAHORE,TAQWA ISLAMIC BANKING,BPUNPKKAIBD,Pakistan
THE BANK OF PUNJAB,MULTAN,NUSRAT ROAD BRANCH,BPUNPKKA004,Pakistan
THE BANK OF PUNJAB,PESHAWAR,SADDAR ROAD BRANCH,BPUNPKKA241,Pakistan
THE BANK OF PUNJAB,RAWALPINDI,TPC RAWALPINDI,BPUNPKKA014,Pakistan
TOPLINE SECURITIES PVT LTD.,KARACHI,,TOSVPKK1,Pakistan
TRUST BANK LIMITED,KARACHI,,TRBAPKK1CLI,Pakistan
TRUST BANK LIMITED,KARACHI,,TRBAPKK1,Pakistan
UNITED BANK LIMITED,FAISALABAD,BANK SQUARE BRANCH,UNILPKKA686,Pakistan
UNITED BANK LIMITED,ISLAMABAD,JINNAH AVENUE BRANCH,UNILPKKA741,Pakistan
UNITED BANK LIMITED,KARACHI,,UNILPKKA,Pakistan
UNITED BANK LIMITED,KARACHI,,UNILPKKARDA,Pakistan
UNITED BANK LIMITED,KARACHI,"CPU TRADE, HEAD OFFICE",UNILPKKATFC,Pakistan
UNITED BANK LIMITED,KARACHI,"UBL AMEEN-ISLAMIC BANKING DIVISION, HEAD OFFICE, KARACHI",UNILPKKAIMB,Pakistan
UNITED BANK LIMITED,LAHORE,BANK SQUARE BRANCH,UNILPKKA028,Pakistan
UNITED BANK LIMITED,PESHAWAR,DEANS TRADE CENTRE BRANCH,UNILPKKA939,Pakistan
WALL STREET EXCHANGE COMPANY (PVT) LTD.,KARACHI,,WSEPPKK1,Pakistan
ABDULHADI ABDULLAH AL-QAHTANI SONS GROUP HOLDING COMPANY CJSC,ALKHOBAR,,ALQASADK,Saudi Arabia
ABDULLAH IBRAHIM ALKHORAYEF SONS COMPANY,RIYADH,,AIASSARI,Saudi Arabia
AL INMA BANK,RIYADH,,INMASARI,Saudi Arabia
AL RA'IDAH INVESTMENT COMPANY,RIYADH,,ALRDSARI,Saudi Arabia
AL RAJHI BANK,RIYADH,,RJHISARIARC,Saudi Arabia
AL RAJHI BANK,RIYADH,HEAD OFFICE,RJHISARI,Saudi Arabia
ALAWWAL INVEST,RIYADH,,SAHCSARI,Saudi Arabia
ALFANAR CO CLOSED JOINT STOCK COMPANY,RIYADH,,FANRSARI,Saudi Arabia
ALMARAI COMPANY,RIYADH,,ALMRSARI,Saudi Arabia
ALRAJHI COMMERCIAL FOREIGN EXCHANGE,JEDDAH,,AFEXSAJ1,Saudi Arabia
ARAB NATIONAL BANK,RIYADH,HEAD OFFICE,ARNBSARI,Saudi Arabia
ARAB PETROLEUM INVESTMENTS CORPORATION,DAMMAM,,APIASAR1,Saudi Arabia
ARAB PETROLEUM INVESTMENTS CORPORATION,DAMMAM,,APICSADM,Saudi Arabia
ARAB PETROLEUM INVESTMENTS CORPORATION,DAMMAM,,APICSADB,Saudi Arabia
ARAMCO LUBRICANTS AND RETAIL COMPANY LLC,DHAHRAN,,ALRYSADD,Saudi Arabia
ARAMCO TRADING COMPANY,DHAHRAN,,SAPCSADH,Saudi Arabia
ARAMCO TRADING COMPANY,DHAHRAN,ARAMCO TRADING AMERICA,SAPCSADHUSA,Saudi Arabia
ARAMCO TRADING COMPANY,DHAHRAN,"ARAMCO TRADING AMERICAS HOLDING, INC. (ATAH)",SAPCSADHATH,Saudi Arabia
ARAMCO TRADING COMPANY,DHAHRAN,ARAMCO TRADING FUJAIRAH FZE,SAPCSADHAEF,Saudi Arabia
ARAMCO TRADING COMPANY,DHAHRAN,ARAMCO TRADING LIMITED,SAPCSADHUKL,Saudi Arabia
ARAMCO TRADING COMPANY,DHAHRAN,SAUDI ARAMCO TRADING SINGAPORE PTE. LTD.,SAPCSADHSSG,Saudi Arabia
BANK AL BILAD,DAMMAM,DAMMAM,ALBISARIDAM,Saudi Arabia
BANK AL BILAD,JEDDAH,JEDDAH,ALBISARIJED,Saudi Arabia
BANK AL BILAD,RIYADH,,ALBISARI,Saudi Arabia
BANK AL BILAD,RIYADH,ALBILAD CUSTODY,ALBISARICAP,Saudi Arabia
BANK AL BILAD,RIYADH,TRADE FINANCE CENTER,ALBISARITFC,Saudi Arabia
BANK AL-JAZIRA,ALKHOBAR,ALKHOBAR BRANCH,BJAZSAJE013,Saudi Arabia
BANK AL-JAZIRA,BURAIDAH,BURAIDAH BRANCH,BJAZSAJE026,Saudi Arabia
BANK AL-JAZIRA,DAMMAM,DAMMAM BRANCH,BJAZSAJE009,Saudi Arabia
BANK AL-JAZIRA,HOFUF,HOFUF BRANCH,BJAZSAJE025,Saudi Arabia
BANK AL-JAZIRA,JEDDAH,,BJAZSAJE,Saudi Arabia
BANK AL-JAZIRA,JEDDAH,HEAD OFFICE,BJAZSAJE002,Saudi Arabia
BANK AL-JAZIRA,JEDDAH,KHALID BIN WALEED STREET BRANCH,BJAZSAJE007,Saudi Arabia
BANK AL-JAZIRA,JEDDAH,KING ABDUL AZIZ STREET BR.,BJAZSAJE006,Saudi Arabia
BANK AL-JAZIRA,JEDDAH,MADINA ROAD BRANCH,BJAZSAJE021,Saudi Arabia
BANK AL-JAZIRA,JUBAIL,JUBAIL BRANCH,BJAZSAJE019,Saudi Arabia
BANK AL-JAZIRA,MADINA MUNAWWARA,MADINA MUNAWWARA BRANCH,BJAZSAJE011,Saudi Arabia
BANK AL-JAZIRA,MAKKAH AL-MUKARRAMA,MAKKAH MUKARRAMA BRANCH,BJAZSAJE010,Saudi Arabia
BANK AL-JAZIRA,RIYADH,ALJAZIRA CAPITAL,BJAZSAJEAJC,Saudi Arabia
BANK AL-JAZIRA,RIYADH,FAWRI REMITTANCE SERVICE,BJAZSAJEFWR,Saudi Arabia
BANK AL-JAZIRA,RIYADH,OLAYYAH BRANCH,BJAZSAJE016,Saudi Arabia
BANK AL-JAZIRA,RIYADH,SITTEEN STREET BRANCH,BJAZSAJE027,Saudi Arabia
BANK OF CHINA RIYADH BRANCH,RIYADH,,BKCHSARI,Saudi Arabia
BANKMUSCAT,RIYADH,,BMUSSARI,Saudi Arabia
BANQUE SAUDI FRANSI,ALKHOBAR,EASTERN REGION,BSFRSARIEST,Saudi Arabia
BANQUE SAUDI FRANSI,JEDDAH,WESTERN REGION,BSFRSARIWST,Saudi Arabia
BANQUE SAUDI FRANSI,RIYADH,,BSFRSARI,Saudi Arabia
BANQUE SAUDI FRANSI,RIYADH,CENTRAL REGION,BSFRSARIRYD,Saudi Arabia
BANQUE SAUDI FRANSI,RIYADH,HEAD OFFICE,BSFRSARIGEM,Saudi Arabia
BNP PARIBAS INVESTMENT COMPANY KSA,RIYADH,,BNPASARB,Saudi Arabia
BNP PARIBAS INVESTMENT COMPANY KSA,RIYADH,,BNPASARBWMI,Saudi Arabia
BNP PARIBAS SAUDI ARABIA,RIYADH,,BNPASARI,Saudi Arabia
CITIGROUP SAUDI ARABIA,RIYADH,,CITISARI,Saudi Arabia
CITIGROUP SAUDI ARABIA,RIYADH,CITIGROUP SAUDI ARABIA,CITISARISIG,Saudi Arabia
"CREDIT SUISSE AG, RIYADH BRANCH",RIYADH,,CRESSARY,Saudi Arabia
CREDIT SUISSE SAUDI ARABIA,RIYADH,,CRESSARA20R,Saudi Arabia
CREDIT SUISSE SAUDI ARABIA,RIYADH,,CRESSARA,Saudi Arabia
D360 BANK,RIYADH,,DBAKSARI,Saudi Arabia
DERAYAH FINANCIAL COMPANY,RIYADH,,DERFSARI,Saudi Arabia
"DEUTSCHE BANK AG, RIYADH BRANCH",RIYADH,,DEUTSARIGES,Saudi Arabia
"DEUTSCHE BANK AG, RIYADH BRANCH",RIYADH,,DEUTSARI,Saudi Arabia
"DEUTSCHE BANK AG, RIYADH BRANCH",RIYADH,,DEUTSARA,Saudi Arabia
"DEUTSCHE BANK AG, RIYADH BRANCH",RIYADH,,DEUTSARAAWM,Saudi Arabia
"DEUTSCHE BANK AG, RIYADH BRANCH",RIYADH,,DEUTSARACUS,Saudi Arabia
"DEUTSCHE BANK AG, RIYADH BRANCH",RIYADH,DOMESTIC CUSTODY SERVICES,DEUTSARICUS,Saudi Arabia
DEUTSCHE SECURITIES SAUDI ARABIA,RIYADH,,DEUTSARB,Saudi Arabia
DR. SULAIMAN AL-HABIB MEDICAL SERVICES GROUP COMPANY,RIYADH,,SLMRSARI,Saudi Arabia
EAST AFRICA MARITIME,JEDDAH,,EAAMSAJ1,Saudi Arabia
EFG-HERMES KSA,RIYADH,,EFKSSAR1,Saudi Arabia
EMIRATES NBD PJSC,RIYADH,ENBD RIYADH MAIN BR,EBILSARI,Saudi Arabia
FAS HOLDING,RIYADH,,SFHCSARI,Saudi Arabia
FAWAZ A AL HOKAIR AND CO,RIYADH,,FAAHSARI,Saudi Arabia
FIRST ABU DHABI BANK,RIYADH,,FABMSARI,Saudi Arabia
FIRST ABU DHABI BANK,RIYADH,KSA CORPORATE CHANNEL,FABMSARICHN,Saudi Arabia
GOLDMAN SACHS SAUDI ARABIA,RIYADH,,GSSRSAR1,Saudi Arabia
"GULF INTERNATIONAL BANK (GIB) SAUDI ARABIA,       S.C.J.S.C.",DHAHRAN,,GULFSARI,Saudi Arabia
HASSANA INVESTMENT COMPANY,RIYADH,,HINCSARI,Saudi Arabia
"INDUSTRIAL AND COMMERCIAL BANK OF CHINA RIYADH BRANCH, SA",RIYADH,,ICBKSARI,Saudi Arabia
INDUSTRIALIZATION AND ENERGY SERVICES CO. (TAQA),DHAHRAN,,IENESADH,Saudi Arabia
INTERNATIONAL CO. FOR WATER AND POWER PROJECTS,RIYADH,,ACWASARI,Saudi Arabia
INTERNATIONAL ISLAMIC TRADE FINANCE CORPORATION (MEMBER ISLAMIC DEVELOPMENT BANK GROUP),JEDDAH,,ITFKSAJE,Saudi Arabia
INTERNATIONAL MARITIME INDUSTRIES,DHAHRAN,,IMIDSADD,Saudi Arabia
"ISLAMIC CORPORATION FOR THE DEVELOPMENT OF THE PRIVATE SECTOR (MEMBER, ISLAMIC DEVELOPMENT BANK GROUP)",JEDDAH,,ICDKSAJE,Saudi Arabia
ISLAMIC DEVELOPMENT BANK,JEDDAH,,ISLDSAJE,Saudi Arabia
ISLAMIC DEVELOPMENT BANK,JEDDAH,,ISLDSAJEICD,Saudi Arabia
ISLAMIC DEVELOPMENT BANK,JEDDAH,INTERNATIONAL TRADE FINANCE,ISLDSAJEITF,Saudi Arabia
J.P. MORGAN SAUDI ARABIA COMPANY,RIYADH,,JPMGSARY,Saudi Arabia
J.P. MORGAN SAUDI ARABIA COMPANY,RIYADH,DIRECT CUSTODY AND CLEARING- KINGDOM OF SAUDIA ARABIA,JPMGSARYDCC,Saudi Arabia
JEDDAH CENTRAL DEVELOPMENT COMPANY,JEDDAH,,JCDNSAJE,Saudi Arabia
JOHNS HOPKINS ARAMCO HEALTHCARE,DHAHRAN,,JHAHSADH,Saudi Arabia
"JPMORGAN CHASE BANK, N.A. RIYADH",RIYADH,,CHASSARI,Saudi Arabia
"JPMORGAN CHASE BANK, N.A. RIYADH",RIYADH,SAUDI ARABIA EXPENSES,CHASSARISAU,Saudi Arabia
"M. MOUNIR HALAWANI SONS, EXCHANGE COMPANY",JEDDAH,,HFEXSAJ1,Saudi Arabia
MERRILL LYNCH KINGDOM OF SAUDI ARABIA,RIYADH,,MLSASARI,Saudi Arabia
MOBILY,RIYADH,,ETISSARI,Saudi Arabia
MORGAN STANLEY SAUDI ARABIA,RIYADH,,MSSRSAR1,Saudi Arabia
MORGAN STANLEY SAUDI ARABIA,RIYADH,,MSRISAR1,Saudi Arabia
"MUFG BANK, LTD. RIYADH BRANCH",RIYADH,,BOTKSARI,Saudi Arabia
NAHDI CARE CLINICS,JEDDAH,,NCLCSAJE,Saudi Arabia
NAHDI MEDICAL COMPANY,JEDDAH,,NHDISAJE,Saudi Arabia
NATIONAL BANK OF  IRAQ KSA BRANCH,RIYADH,,NBIQSARI,Saudi Arabia
NATIONAL BANK OF BAHRAIN,RIYADH,,NBOBSARI,Saudi Arabia
NATIONAL BANK OF BAHRAIN,RIYADH,TREASURY OPERATION,NBOBSARITOP,Saudi Arabia
NATIONAL BANK OF EGYPT - RIYADH BRANCH,RIYADH,,NBEGSARI,Saudi Arabia
NATIONAL BANK OF KUWAIT,JEDDAH,,NBOKSAJE,Saudi Arabia
NATIONAL BANK OF PAKISTAN,RIYADH,,NBPASARI,Saudi Arabia
NATIONAL BISCUITS AND CONFECTIONERY COMPANY,JEDDAH,,NBCCSAJE,Saudi Arabia
NATIONAL FOOD INDUSTRIES CO. LTD,JEDDAH,,NAFDSAJE,Saudi Arabia
NATIONAL INDUSTRIALIZATION COMPANY,RIYADH,,NAICSARI,Saudi Arabia
NAYIFAT FINANCE COMPANY,RIYADH,,NYFTSARI,Saudi Arabia
NEOM COMPANY,TABUK,,NEOMSARI,Saudi Arabia
OLAYAN FINANCING COMPANY,RIYADH,,OLFCSARI,Saudi Arabia
OLAYAN SAUDI HOLDING CLOSED JOINT STOCK COMPANY,RIYADH,,OSHCSARI,Saudi Arabia
OMAR KASSEM ALESAYI MARKETING CO. LIMITED,JEDDAH,,OKAMSARI,Saudi Arabia
PANDA RETAIL COMPANY,JEDDAH,,PANYSAJE,Saudi Arabia
PUBLIC INVESTMENT FUND,RIYADH,,PIFNSARI,Saudi Arabia
QATAR NATIONAL BANK,RIYADH,,QNBASARI,Saudi Arabia
QINVEST SAUDI ARABIA,RIYADH,,QINVSAR1,Saudi Arabia
RAWABI HOLDING COMPANY,ALKHOBAR,,RAWASADK,Saudi Arabia
RETECH REINSURANCE BROKERS CO.,RIYADH,,RRBRSAR2,Saudi Arabia
RIYAD BANK,RIYADH,,RIBLSARI,Saudi Arabia
RIYAD BANK,RIYADH,RIYAD CAPITAL,RIBLSARISSD,Saudi Arabia
RIYADH INTERNATIONAL CATERING CORPORATION,RIYADH,,RICCSARI,Saudi Arabia
SADARA CHEMICAL COMPANY,JUBAIL,,SDCCSADA,Saudi Arabia
SAHARA INTERNATIONAL PETROCHEMICAL COMPANY (SIPCHEM),JUBAIL,,SIPHSADB,Saudi Arabia
SAID M. A. AL-AMOUDI AND PARTNERS COMPANY,JEDDAH,,AMETSAJ1,Saudi Arabia
SAUDI ARAMCO,DHAHRAN,,ARAMSADH,Saudi Arabia
SAUDI ARAMCO BASE OIL COMPANY - LUBEREF,JEDDAH,,LBRFSAJD,Saudi Arabia
SAUDI ARAMCO MOBIL REFINERY COMPANY LIMITED (SAMREF),YANBU,,SRMRSADB,Saudi Arabia
SAUDI AWWAL BANK (FORMERLY: THE SAUDI BRITISH BANK),RIYADH,ALAWWAL INVEST,SABBSARIAWI,Saudi Arabia
SAUDI AWWAL BANK (FORMERLY: THE SAUDI BRITISH BANK),RIYADH,ALAWWAL INVEST,SABBSARIAIS,Saudi Arabia
SAUDI AWWAL BANK (FORMERLY: THE SAUDI BRITISH BANK),RIYADH,HEAD OFFICE,SABBSARI,Saudi Arabia
SAUDI AWWAL BANK (FORMERLY: THE SAUDI BRITISH BANK),RIYADH,TREASURY OPERATIONS,SABBSARITSO,Saudi Arabia
SAUDI BASIC INDUSTRIES CORPORATION (SABIC),RIYADH,,SBHQSARR,Saudi Arabia
SAUDI CENTRAL BANK,RIYADH,,SAMASARI,Saudi Arabia
SAUDI CERAMIC COMPANY,RIYADH,,SACYSAR1,Saudi Arabia
SAUDI CHEMICAL COMPANY HOLDING,RIYADH,,SCEGSARI,Saudi Arabia
SAUDI CHEVRON PHILLIPS CO.,JUBAIL,,SCHMSADE,Saudi Arabia
SAUDI ECONOMIC AND DEVELOPMENT COMPANY FOR SECURITIES,JEDDAH,,SEDPSAJE,Saudi Arabia
SAUDI ELECTRICITY COMPANY,RIYADH,SEC HEAD QUARTERS,ELECSARI,Saudi Arabia
SAUDI EXPORT-IMPORT BANK,RIYADH,,SAUXSARI,Saudi Arabia
SAUDI FRANSI CAPITAL,RIYADH,,SFCPSARI,Saudi Arabia
"SAUDI INVESTMENT BANK, THE",RIYADH,,SIBCSARI,Saudi Arabia
"SAUDI INVESTMENT BANK, THE",RIYADH,SPECIAL PURPOSE VEHICLE,SIBCSARISPV,Saudi Arabia
SAUDI TABREED DISTRICT COOLING COMPANY,ALKHOBAR,,SBDTSADA,Saudi Arabia
SAUDI TELECOM COMPANY,RIYADH,,STCOSARI,Saudi Arabia
SAVOLA GROUP,JEDDAH,,SGCOSAJE,Saudi Arabia
SECURITIES CLEARING CENTER COMPANY CLOSED JOINT STOCK COMPANY,RIYADH,,SCCYSARI,Saudi Arabia
SECURITIES DEPOSITORY CENTER COMPANY,RIYADH,,SDCPSARI,Saudi Arabia
SEERA GROUP HOLDING,RIYADH,,TAYRSARI,Saudi Arabia
SHUAA CAPITAL SAUDI ARABIA,RIYADH,,SHUASAR1,Saudi Arabia
SICO CAPITAL CJSC,RIYADH,,SICSSARI,Saudi Arabia
SNB CAPITAL COMPANY,RIYADH,,NCCOSAJE,Saudi Arabia
SOHAR INTERNATIONAL RIYADH BRANCH,RIYADH,,BSHRSARI,Saudi Arabia
STANDARD CHARTERED BANK BRANCH,RIYADH,,SCBLSAR2,Saudi Arabia
STANDARD CHARTERED CAPITAL (SAUDI ARABIA),RIYADH,,SCBLSARI,Saudi Arabia
STC BANK (MIXED CLOSED JSC),RIYADH,,STCJSARI,Saudi Arabia
SUPREME FOODS COMPANY LIMITED,RIYADH,,SUFCSAR1,Saudi Arabia
T.C. ZIRAAT BANKASI A.S.,JEDDAH,,TCZBSAJE,Saudi Arabia
TAMER GROUP,JEDDAH,,FMTISAJE,Saudi Arabia
THE ISLAMIC CORP FOR THE INSURANCE OF INVESTMENT AND EXPORT CREDIT (MEMBER ISLAMIC DEVELOPMENT BANKGROUP),JEDDAH,,ICECSAJE,Saudi Arabia
THE NATIONAL SHIPPING COMPANY OF SAUDI ARABIA,RIYADH,,BARISARI,Saudi Arabia
THE NORTHERN TRUST COMPANY OF SAUDI ARABIA (CLOSED JOINT STOCK COMPANY),RIYADH,,CNORSARI,Saudi Arabia
THE SAUDI FUND FOR DEVELOPMENT,RIYADH,,SFFDSARI,Saudi Arabia
THE SAUDI NATIONAL BANK,DAMMAM,TRADE SERVICES-EAST,NCBKSAJE615,Saudi Arabia
THE SAUDI NATIONAL BANK,JEDDAH,HEAD OFFICE,NCBKSAJE,Saudi Arabia
THE SAUDI NATIONAL BANK,JEDDAH,"JEDDAH, MAIN BRANCH",NCBKSAJE101,Saudi Arabia
THE SAUDI NATIONAL BANK,JEDDAH,TRADE SERVICES-WEST,NCBKSAJE613,Saudi Arabia
THE SAUDI NATIONAL BANK,JEDDAH,TREASURY DIVISION,NCBKSAJE555,Saudi Arabia
THE SAUDI NATIONAL BANK,RIYADH,TRADE SERVICES-CENTRAL,NCBKSAJE614,Saudi Arabia
THE SAUDI STOCK EXCHANGE (TADAWUL),RIYADH,,TSSMSAR1,Saudi Arabia
UNITED CARTON INDUSTRIES COMPANY,JEDDAH,,UCSASAJ1,Saudi Arabia
UNITED COMPANY FOR FINANCIAL SERVICES (TAS'HEEL FINANCE),ALKHOBAR,,UCFSSADA,Saudi Arabia
UNITED ELECTRONICS COMPANY,ALKHOBAR,,EXTRSADA,Saudi Arabia
VISION BANK,RIYADH,,VIIOSARI,Saudi Arabia
WISAYAH GLOBAL INVESTMENT COMPANY,ALKHOBAR,,WGICSADK,Saudi Arabia
YANBU ARAMCO SINOPEC REFINING (YASREF) LIMITED,YANBU,,YASRSADB,Saudi Arabia
ZAHID TRACTOR AND HM,JEDDAH,,ZTHMSAJE,Saudi Arabia
3S MONEY CLUB LIMITED,DUBAI,,MOLUAEA2,United Arab Emirates
AAFAQ ISLAMIC FINANCE P.S.C.,DUBAI,,AIFPAEAD,United Arab Emirates
AARNA CAPITAL LIMITED,ABU DHABI,,AARPAEAA,United Arab Emirates
ABRAAJ CAPITAL LIMITED,DUBAI,,ABPPAEA1,United Arab Emirates
ABU DHABI COMMERCIAL BANK,ABU DHABI,,ADCBAEAA,United Arab Emirates
ABU DHABI COMMERCIAL BANK,ABU DHABI,CASH MANAGEMENT DEPARTMENT,ADCBAEAACMD,United Arab Emirates
ABU DHABI COMMERCIAL BANK,ABU DHABI,FINANCE DEPARTEMENT,ADCBAEAAFIN,United Arab Emirates
ABU DHABI COMMERCIAL BANK,ABU DHABI,RBS,ADCBAEAAREM,United Arab Emirates
ABU DHABI COMMERCIAL BANK,ABU DHABI,TREASURY SETTLEMENTS,ADCBAEAATRY,United Arab Emirates
ABU DHABI COMMERCIAL BANK,ABU DHABI,WEALTH MANAGEMENT,ADCBAEAAWMO,United Arab Emirates
ABU DHABI COMMERCIAL BANK,DUBAI,DUBAI TRADE FINANCE,ADCBAEAA060,United Arab Emirates
ABU DHABI FUND FOR DEVELOPMENT,ABU DHABI,,ADFDAEAA,United Arab Emirates
ABU DHABI INVESTMENT AUTHORITY,ABU DHABI,,ADINAEAA,United Arab Emirates
ABU DHABI INVESTMENT COUNCIL COMPANY PJSC,ABU DHABI,,ADCNAEAA,United Arab Emirates
ABU DHABI INVESTMENT COUNCIL COMPANY PJSC,ABU DHABI,,ADCNAEAD,United Arab Emirates
ABU DHABI ISLAMIC BANK,ABU DHABI,,ABDIAEAD,United Arab Emirates
ABU DHABI ISLAMIC BANK,ABU DHABI,TRADE AND GUARANTEES,ABDIAEADDOC,United Arab Emirates
ABU DHABI ISLAMIC BANK,ABU DHABI,TREASURY MARKETS,ABDIAEADTMK,United Arab Emirates
ABU DHABI SECURITIES EXCHANGE,ABU DHABI,,ADSEAEA1,United Arab Emirates
ACM LIMITED,ABU DHABI,,AMMCAEAD,United Arab Emirates
AD GLOBAL INVESTORS LIMITED,ABU DHABI,,AGLIAEAA,United Arab Emirates
ADNOC GLOBAL TRADING LTD,ABU DHABI,,ADGTAEAA,United Arab Emirates
ADNOC TRADING LTD,ABU DHABI,,ADNCAEAA,United Arab Emirates
AGRICULTURAL BANK OF CHINA (DIFC BRANCH),DUBAI,,ABOCAEAD,United Arab Emirates
AGRICULTURAL BANK OF CHINA(DUBAI BRANCH),DUBAI,,ABOCAEAA,United Arab Emirates
AHLI UNITED BANK B.S.C.(C) (DIFC BRANCH),DUBAI,,AUBBAEAD,United Arab Emirates
AIR GROUP VENTURES LIMITED,DUBAI,,AIRGAEAD,United Arab Emirates
AJMAN BANK PJSC,AJMAN,,AJMNAEAJ,United Arab Emirates
"AL AHLI BANK OF KUWAIT K.S.C.P, ABUDHABI BRANCH",ABU DHABI,,ABKKAEAA,United Arab Emirates
"AL AHLI BANK OF KUWAIT K.S.C.P, DUBAI BRANCH",DUBAI,,ABKKAEAD,United Arab Emirates
AL AHLI BANK OF KUWAIT K.S.CP (DIFC BRANCH),DUBAI,,ABKKAEA2,United Arab Emirates
AL ANSARI EXCHANGE LLC,ABU DHABI,,ALANAEAA,United Arab Emirates
AL DAHRA,ABU DHABI,,ADAHAEAD,United Arab Emirates
AL DAMAN SECURITIES,DUBAI,,DAEUAEA2,United Arab Emirates
AL ETIHAD PAYMENTS COMPANY - SOLE PROPRIETORSHIP L.L.C.,ABU DHABI,,AEPCAEAA,United Arab Emirates
AL FARDAN EXCHANGE AND FINANCE CO.,ABU DHABI,,ALFEAEA1,United Arab Emirates
AL FARDAN EXCHANGE LLC,ABU DHABI,,FEXEAEAA,United Arab Emirates
AL HILAL BANK PJSC,ABU DHABI,,HLALAEAA,United Arab Emirates
AL KHALIJI FRANCE S.A.,DUBAI,,LICOAEAD,United Arab Emirates
AL MAL CAPITAL PSC,DUBAI,,AMCXAEAA,United Arab Emirates
AL MAL SECURITIES EMIRATES LLC,DUBAI,,AMSUAEA1,United Arab Emirates
AL NAHDI EXCHANGE,DUBAI,,NAHDAEA1,United Arab Emirates
AL RAMZ CAPITAL L.L.C,ABU DHABI,,ALRSAEA1,United Arab Emirates
AL RASHEED EXCHANGE,DUBAI,,RDEXAEA1,United Arab Emirates
AL ROSTAMANI INTERNATIONAL EXCHANGE L.L.C.,DUBAI,,TCARAEAD,United Arab Emirates
ALEC ENGINEERING AND CONTRACTING,DUBAI,,AENCAEAD,United Arab Emirates
ALFA EXCHANGE,DUBAI,,ALEHAEAD,United Arab Emirates
ALFUAD EXCHANGE,DUBAI,,ALFXAEAD,United Arab Emirates
ALKHAIR CAPITAL (DUBAI) LTD,DUBAI,,ALKCAEAD,United Arab Emirates
ANGLO-GULF TRADE BANK,ABU DHABI,,ANGTAEAD,United Arab Emirates
APAC INTERNATIONAL CORPORATE SERVICES FZCO,DUBAI,,AICRAEA2,United Arab Emirates
APEX FUND SERVICES (DUBAI) LTD,DUBAI,,APFSAEA1,United Arab Emirates
APPAREL FZCO,DUBAI,,AFZOAEAD,United Arab Emirates
ARAB AFRICAN INTERNATIONAL BANK,ABU DHABI,ABU DHABI,ARAIAEADAUH,United Arab Emirates
ARAB AFRICAN INTERNATIONAL BANK,DUBAI,,ARAIAEAD,United Arab Emirates
ARAB BANK FOR INVESTMENT AND FOREIGN TRADE,ABU DHABI,AL-SOUK BRANCH,ABINAEAASUK,United Arab Emirates
ARAB BANK FOR INVESTMENT AND FOREIGN TRADE,ABU DHABI,HEAD OFFICE,ABINAEAA,United Arab Emirates
ARAB BANK FOR INVESTMENT AND FOREIGN TRADE,ABU DHABI,TRADE FINANCE SERVICES,ABINAEAATFS,United Arab Emirates
ARAB BANK FOR INVESTMENT AND FOREIGN TRADE,AL AIN,AL AIN BRANCH,ABINAEAAAIN,United Arab Emirates
ARAB BANK FOR INVESTMENT AND FOREIGN TRADE,DUBAI,DUBAI BRANCH,ABINAEAADXB,United Arab Emirates
ARAB BANK PLC,ABU DHABI,ABU DHABI BRANCH,ARABAEADABD,United Arab Emirates
ARAB BANK PLC,ABU DHABI,UAE BRANCHES CENTER,ARABAEADABC,United Arab Emirates
ARAB BANK PLC,AJMAN,AJMAN BRANCH,ARABAEADAJM,United Arab Emirates
ARAB BANK PLC,AL AIN,AL AIN BRANCH,ARABAEADAIN,United Arab Emirates
ARAB BANK PLC,DUBAI,,ARABAEAD,United Arab Emirates
ARAB BANK PLC,DUBAI,CENTRAL TRANSFERS UNIT,ARABAEADCTU,United Arab Emirates
ARAB BANK PLC,DUBAI,DEIRA BRANCH,ARABAEADDER,United Arab Emirates
ARAB BANK PLC,DUBAI,DUBAI BRANCH,ARABAEADMAK,United Arab Emirates
ARAB BANK PLC,DUBAI,FOREIGN TRADE CENTER,ARABAEADFTC,United Arab Emirates
ARAB BANK PLC,DUBAI,PAYMENTS INVESTIGATIONS,ARABAEADINV,United Arab Emirates
ARAB BANK PLC,FUJAIRAH,FUJAIRAH BRANCH,ARABAEADFUJ,United Arab Emirates
ARAB BANK PLC,RAS AL KHAIMAH,RAS AL KHAIMAH BRANCH,ARABAEADRAK,United Arab Emirates
ARAB BANK PLC,SHARJAH,SHARJAH BRANCH,ARABAEADSHJ,United Arab Emirates
ARAB MONETARY FUND,ABU DHABI,,ARMFAEAA,United Arab Emirates
ARAB MONETARY FUND,ABU DHABI,,ARODAEA2,United Arab Emirates
ARAB REGIONAL PAYMENTS CLEARING AND SETTLEMENT ORGANIZATION,ABU DHABI,,BUNNAEAA,United Arab Emirates
ARAB TRADE FINANCING PROGRAM,ABU DHABI,,ATFPAEAD,United Arab Emirates
ARAMEX PJSC FINANCIAL DEPARTMENT,DUBAI,ARAMEX,ARMPAEAD,United Arab Emirates
ARQAAM CAPITAL LIMITED,DUBAI,,ARQMAEAD,United Arab Emirates
ARQAAM SECURITIES LLC,DUBAI,,ARQSAEA1,United Arab Emirates
AUDI VOLKSWAGEN MIDDLE EAST,DUBAI,,AVMEAEA1,United Arab Emirates
AXIS BANK LIMITED,DUBAI,,UTIBAEA1,United Arab Emirates
"AXIS BANK LIMITED, DIFC BRANCH (REGULATED BY DFSA)",DUBAI,,AXISAEAD,United Arab Emirates
AZADEA HOLDING COMPANY (DIFC) LIMITED,DUBAI,,AZAEAEAD,United Arab Emirates
AZIMUT DIFC LIMITED,DUBAI,,AZDIAEA2,United Arab Emirates
BANK ALFALAH LIMITED (DUBAI BRANCH),DUBAI,,ALFHAEAD,United Arab Emirates
BANK MELLI IRAN,ABU DHABI,ABU DHABI BRANCH,MELIAEA1ADH,United Arab Emirates
BANK MELLI IRAN,AL AIN,AL AIN BRANCH,MELIAEA1ALN,United Arab Emirates
BANK MELLI IRAN,DUBAI,,MELIAEA1,United Arab Emirates
BANK MELLI IRAN,DUBAI,BUR DUBAI BRANCH,MELIAEA1BR2,United Arab Emirates
BANK MELLI IRAN,FUJAIRAH,FUJAIRAH BRANCH,MELIAEA1FUJ,United Arab Emirates
BANK MELLI IRAN,RAS AL KHAIMAH,RAS AL KHAIMAH BRANCH,MELIAEA1RAK,United Arab Emirates
BANK MELLI IRAN,SHARJAH,SHARJAH BRANCH,MELIAEA1SHJ,United Arab Emirates
BANK OF BARODA,ABU DHABI,ABU DHABI BRANCH,BARBAEADADH,United Arab Emirates
BANK OF BARODA,DUBAI,,BARBAEAD,United Arab Emirates
BANK OF BARODA,DUBAI,DEIRA BRANCH,BARBAEADDEI,United Arab Emirates
BANK OF BARODA,DUBAI,DUBAI INTERNATIONAL FINANCIAL CENTRE (DIFC OBU),BARBAEADIFC,United Arab Emirates
BANK OF BARODA,DUBAI,DUBAI MAIN OFFICE,BARBAEADDUB,United Arab Emirates
BANK OF BARODA,RAS AL KHAIMAH,RAS AL KHAIMAH BRANCH,BARBAEADRAK,United Arab Emirates
BANK OF BARODA,SHARJAH,SHARJAH BRANCH,BARBAEADSHJ,United Arab Emirates
BANK OF CHINA (DUBAI) BRANCH,DUBAI,,BKCHAEAD,United Arab Emirates
BANK OF CHINA ABU DHABI BRANCH,ABU DHABI,,BKCHAEAA,United Arab Emirates
BANK OF INDIA,DUBAI,,BKIDAEAD,United Arab Emirates
"BANK OF SHARJAH, THE",SHARJAH,,SHARAEAS,United Arab Emirates
BANKMED SAL (DUBAI),DUBAI,,MEDLAEAD,United Arab Emirates
BANQUE BANORIENT FRANCE,DUBAI,,BLOMAEAD,United Arab Emirates
BANQUE MISR,DUBAI,,BMISAEAA,United Arab Emirates
BANQUE RICHELIEU GCC LIMITED,ABU DHABI,,LIBLAEAA,United Arab Emirates
BANQUE RICHELIEU GCC LIMITED,ABU DHABI,ADGM,LIBLAEAAAGM,United Arab Emirates
BARCLAYS BANK PLC,DUBAI,,BARCAEADABU,United Arab Emirates
BARCLAYS BANK PLC,DUBAI,,BARCAEAD,United Arab Emirates
BCS CAPITAL (DIFC) LIMITED,DUBAI,,BCFCAEAD,United Arab Emirates
BHM CAPITAL FINANCIAL SERVICES PSC,DUBAI,,DBFSAEAA,United Arab Emirates
BLUE REWARDS SINGLE PERSON COMPANY L.L.C,DUBAI,,FDPSAEAD,United Arab Emirates
"BNP PARIBAS S.A., ADGM BRANCH",ABU DHABI,,BNPAAEAE,United Arab Emirates
"BNP PARIBAS, ABU DHABI",ABU DHABI,,BNPAAEAA,United Arab Emirates
"BNP PARIBAS, DUBAI",DUBAI,,BNPAAEAD,United Arab Emirates
BOK INTERNATIONAL,ABU DHABI,,BOKMAEAD,United Arab Emirates
BRITISH AMERICAN TOBACCO GCC DMCC,DUBAI,,BATSAE21,United Arab Emirates
BRITISH AMERICAN TOBACCO ME DMCC,DUBAI,,BATSAEA1,United Arab Emirates
BRITISH AMERICAN TOBACCO MIDDLE EAS SPC (DMCC BRANCH),DUBAI,,BMTMAEA1,United Arab Emirates
BTA FINANCE LIMITED,DUBAI,,BTWMAEAD,United Arab Emirates
CANARA BANK ( DIFC BRANCH ),DUBAI,,CNRBAEAD,United Arab Emirates
CAPITAL UNION,DUBAI,,CPUNAEA1,United Arab Emirates
CENTRAL BANK OF THE U.A.E.,ABU DHABI,,CBAUAEAA,United Arab Emirates
CENTRAL BANK OF THE UAE,ABU DHABI,,CBAUAEAB,United Arab Emirates
CHINA CONSTRUCTION BANK DIFC BRANCH,DUBAI,,PCBCAEAD,United Arab Emirates
CIMD (DUBAI) LIMITED,DUBAI,,CIDAAEA1,United Arab Emirates
CIMD (DUBAI) LIMITED,DUBAI,,CIDAAEAD,United Arab Emirates
CITIBANK N.A.,ABU DHABI,,CITIAEAF,United Arab Emirates
CITIBANK N.A.,DUBAI,,CITIAEAD,United Arab Emirates
CITIBANK N.A.,DUBAI,CITIBANK N.A. DIFC,CITIAEADDIF,United Arab Emirates
CITIBANK N.A.,DUBAI,TRADE SERVICES DEPT.,CITIAEADTRD,United Arab Emirates
CITIBANK N.A.,DUBAI,UAE ADGM BRANCH,CITIAEADAGM,United Arab Emirates
"CITIBANK, N.A.",ABU DHABI,,CITIAEA1,United Arab Emirates
"CITIBANK, N.A.",DUBAI,,CITIAEA10AD,United Arab Emirates
"CITIBANK, N.A.",DUBAI,,CITIAEA1TRD,United Arab Emirates
"CITIBANK, N.A.",SHARJAH,,CITIAEA10AS,United Arab Emirates
COMMERCIAL BANK INTERNATIONAL,ABU DHABI,ABU DHABI BRANCH,CLBIAEADAD1,United Arab Emirates
COMMERCIAL BANK INTERNATIONAL,AL AIN,AL AIN BRANCH,CLBIAEADAN1,United Arab Emirates
COMMERCIAL BANK INTERNATIONAL,DUBAI,BUR DUBAI BRANCH,CLBIAEADDB1,United Arab Emirates
COMMERCIAL BANK INTERNATIONAL,DUBAI,CBI JUMEIRAH HEADQUARTERS,CLBIAEAD,United Arab Emirates
COMMERCIAL BANK INTERNATIONAL,DUBAI,SHEIKH ZAID ROAD BRANCH,CLBIAEADDB2,United Arab Emirates
COMMERCIAL BANK INTERNATIONAL,RAS AL KHAIMAH,,CLBIAEA10AR,United Arab Emirates
COMMERCIAL BANK INTERNATIONAL,RAS AL KHAIMAH,AL MANAR MALL BRANCH,CLBIAEADRK2,United Arab Emirates
COMMERCIAL BANK INTERNATIONAL,RAS AL KHAIMAH,RAS AL KHAIMAH BRANCH,CLBIAEADRK1,United Arab Emirates
COMMERCIAL BANK INTERNATIONAL,SHARJAH,SHARJAH BRANCH,CLBIAEADSH1,United Arab Emirates
COMMERCIAL BANK OF DUBAI,ABU DHABI,ABU DHABI BRANCH,CBDUAEADADH,United Arab Emirates
COMMERCIAL BANK OF DUBAI,AJMAN,,CBDUAEADAJM,United Arab Emirates
COMMERCIAL BANK OF DUBAI,AL AIN,,CBDUAEADAIN,United Arab Emirates
COMMERCIAL BANK OF DUBAI,DUBAI,,CBDUAEAD,United Arab Emirates
COMMERCIAL BANK OF DUBAI,DUBAI,AL GARHOUD BRANCH,CBDUAEADGAR,United Arab Emirates
COMMERCIAL BANK OF DUBAI,DUBAI,AL MAKTOUM ST. BRANCH,CBDUAEADAMS,United Arab Emirates
COMMERCIAL BANK OF DUBAI,DUBAI,AL SAFA BRANCH,CBDUAEADSAF,United Arab Emirates
COMMERCIAL BANK OF DUBAI,DUBAI,DEIRA BRANCH,CBDUAEADDER,United Arab Emirates
COMMERCIAL BANK OF DUBAI,DUBAI,DUBAI BRANCH,CBDUAEADDXB,United Arab Emirates
COMMERCIAL BANK OF DUBAI,DUBAI,JEBEL ALI BRANCH,CBDUAEADJAL,United Arab Emirates
COMMERCIAL BANK OF DUBAI,DUBAI,JUMEIRAH BRANCH,CBDUAEADJUM,United Arab Emirates
COMMERCIAL BANK OF DUBAI,DUBAI,SOUQ AL WASL BRANCH,CBDUAEADSAW,United Arab Emirates
COMMERCIAL BANK OF DUBAI,RAS AL KHAIMAH,RAS AL KHAIMAH BRANCH,CBDUAEADRAK,United Arab Emirates
COMMERCIAL BANK OF DUBAI,SHARJAH,SHARJAH BRANCH,CBDUAEADSHJ,United Arab Emirates
CORPORATE INTERNATIONAL BUSINESS FINANCE,DUBAI,,CIBDAEA1,United Arab Emirates
CREDIT AGRICOLE CHEUVREUX MIDDLE EAST,DUBAI,,CACHAEA1,United Arab Emirates
"CREDIT AGRICOLE CIB (DIFC BRANCH, REGULATED BY THEDFSA)",DUBAI,,BSUIAEAF,United Arab Emirates
CREDIT AGRICOLE CIB (DUBAI BRANCH),DUBAI,,BSUIAEAD,United Arab Emirates
DBS BANK LTD,DUBAI,,DBSSAEAD,United Arab Emirates
DELMA EXCHANGE,ABU DHABI,,DELXAEAA,United Arab Emirates
DEPA PLC,DUBAI,,AEPAAEAD,United Arab Emirates
"DEUTSCHE BANK AG, ABU DHABI BRANCH",ABU DHABI,,DEUTAEAA,United Arab Emirates
"DEUTSCHE SECURITIES AND SERVICES, DUBAI BRANCH",DUBAI,,DEUTAEAD,United Arab Emirates
DHABI LTD,ABU DHABI,,DHIBAEAA,United Arab Emirates
DINAR EXCHANGE,DUBAI,,DNARAEA1,United Arab Emirates
DOHA BANK,ABU DHABI,BRA,DOHBAEADABU,United Arab Emirates
DOHA BANK,DUBAI,,DOHBAEAD,United Arab Emirates
DUBAI CENTRAL SECURITIES DEPOSITORY,DUBAI,,CTDTAEA1,United Arab Emirates
"DUBAI FINANCIAL MARKET, PJSC.",DUBAI,,DFMTAEA1,United Arab Emirates
DUBAI GOLD AND COMMODITIES EXCHANGE DMCC,DUBAI,,DGCXAEAA,United Arab Emirates
DUBAI ISLAMIC BANK,DUBAI,DEPARTMENT LETTERS OF CREDIT,DUIBAEADLCS,United Arab Emirates
DUBAI ISLAMIC BANK,DUBAI,DIRECT EQUITIES OPERATIONS,DUIBAEADDEO,United Arab Emirates
DUBAI ISLAMIC BANK,DUBAI,HEAD OFFICE,DUIBAEAD,United Arab Emirates
DUBAI ISLAMIC BANK,DUBAI,TREASURY DEPARTMENT,DUIBAEADTOS,United Arab Emirates
ECOLOG INTERNATIONAL FZE,DUBAI,,EIFEAEAD,United Arab Emirates
EFG HERMES UAE LLC,DUBAI,,EFGHAEB1,United Arab Emirates
EFG-HERMES UAE LIMITED,DUBAI,,EFGHAEA1,United Arab Emirates
EL-NILEIN BANK,ABU DHABI,,NILBAEAA,United Arab Emirates
EMIRATES,DUBAI,,EKDNAEA1,United Arab Emirates
EMIRATES DEVELOPMENT BANK,ABU DHABI,,EMDVAEAD,United Arab Emirates
EMIRATES GLOBAL ALUMINIUM P.J.S.C,DUBAI,,EGAPAEAA,United Arab Emirates
EMIRATES INDIA INTERNATIONAL EXCHANGE,DUBAI,,EINIAEA1,United Arab Emirates
EMIRATES INDIA INTERNATIONAL EXCHANGE LPC,DUBAI,,EIIEAEA1,United Arab Emirates
EMIRATES INVESTMENT BANK P.J.S.C.,DUBAI,,AEINAEAD,United Arab Emirates
EMIRATES ISLAMIC BANK P.J.S.C.,ABU DHABI,SH. RASHID STREET BRANCH,MEBLAEADADC,United Arab Emirates
EMIRATES ISLAMIC BANK P.J.S.C.,AL AIN,AL JAWAZAT STREET BRANCH,MEBLAEADAJS,United Arab Emirates
EMIRATES ISLAMIC BANK P.J.S.C.,DUBAI,,MEBLAEAD,United Arab Emirates
EMIRATES ISLAMIC BANK P.J.S.C.,DUBAI,AL DHIYAFA ROAD BRANCH,MEBLAEADDFR,United Arab Emirates
EMIRATES ISLAMIC BANK P.J.S.C.,DUBAI,AL RIQA BRANCH,MEBLAEADRIQ,United Arab Emirates
EMIRATES ISLAMIC BANK P.J.S.C.,DUBAI,BUR DUBAI BRANCH,MEBLAEADBUD,United Arab Emirates
EMIRATES ISLAMIC BANK P.J.S.C.,DUBAI,MURSHID BAZAR BRANCH,MEBLAEADMRD,United Arab Emirates
EMIRATES ISLAMIC BANK P.J.S.C.,FUJAIRAH,FUJAIRAH BRANCH,MEBLAEADFUJ,United Arab Emirates
EMIRATES ISLAMIC BANK P.J.S.C.,RAS AL KHAIMAH,OMAN STREET BRANCH,MEBLAEADROS,United Arab Emirates
EMIRATES ISLAMIC BANK P.J.S.C.,SHARJAH,AL BORJ AVENUE BRANCH,MEBLAEADSBA,United Arab Emirates
EMIRATES ISLAMIC BANK P.J.S.C.,UMM AL QAIWAIN,KING FAISAL STREET BRANCH,MEBLAEADQFS,United Arab Emirates
EMIRATES NATIONAL BANK LTD,DUBAI,,ENABAEA1,United Arab Emirates
EMIRATES NBD BANK PJSC,ABU DHABI,ABU DHABI BRANCH,EBILAEADADB,United Arab Emirates
EMIRATES NBD BANK PJSC,DUBAI,AL MAKTOUM ROAD BRANCH,EBILAEADAMR,United Arab Emirates
EMIRATES NBD BANK PJSC,DUBAI,AL SOUK BRANCH,EBILAEADSUK,United Arab Emirates
EMIRATES NBD BANK PJSC,DUBAI,BANDER TALEB BRANCH,EBILAEADBTA,United Arab Emirates
EMIRATES NBD BANK PJSC,DUBAI,BENIYAS SQUARE BRANCH,EBILAEADBSQ,United Arab Emirates
EMIRATES NBD BANK PJSC,DUBAI,CUSTODY,EBILAEADCUS,United Arab Emirates
EMIRATES NBD BANK PJSC,DUBAI,DUBAI MAIN BRANCH,EBILAEADDMB,United Arab Emirates
EMIRATES NBD BANK PJSC,DUBAI,EMIRATES NBD SECURITIES,EBILAEADSEC,United Arab Emirates
EMIRATES NBD BANK PJSC,DUBAI,GALLERIA BRANCH,EBILAEADGAL,United Arab Emirates
EMIRATES NBD BANK PJSC,DUBAI,"GROUP HEAD OFFICE, FINANCE DEPARTMENT",EBILAEADFIN,United Arab Emirates
EMIRATES NBD BANK PJSC,DUBAI,"GROUP HEAD OFFICE, TRADE FINANCE SERVICES",EBILAEADTFS,United Arab Emirates
EMIRATES NBD BANK PJSC,DUBAI,HEAD OFFICE,EBILAEAD,United Arab Emirates
EMIRATES NBD BANK PJSC,DUBAI,JEBEL ALI BRANCH,EBILAEADJAZ,United Arab Emirates
EMIRATES NBD BANK PJSC,DUBAI,JUMEIRAH BRANCH,EBILAEADJUM,United Arab Emirates
EMIRATES NBD BANK PJSC,DUBAI,KARAMA BRANCH,EBILAEADKAM,United Arab Emirates
EMIRATES NBD BANK PJSC,DUBAI,QIYADAH BRANCH,EBILAEADQID,United Arab Emirates
EMIRATES NBD BANK PJSC,DUBAI,SATWA BRANCH,EBILAEADSAT,United Arab Emirates
EMRGO (DIFC) LTD,DUBAI,,EMRGAEAD,United Arab Emirates
ETIHAD AIRWAYS,ABU DHABI,,ETIHAEAD,United Arab Emirates
FEDERAL EXCHANGE,DUBAI,,FEDXAEA1,United Arab Emirates
FEDERAL EXCHANGE,DUBAI,,FEDXAE21,United Arab Emirates
FINANCE HOUSE L.L.C.,ABU DHABI,,FHOUAEAD,United Arab Emirates
FIRST ABU DHABI BANK PJSC,ABU DHABI,,NBADAEAA,United Arab Emirates
FIRST ABU DHABI BANK PJSC,ABU DHABI,,NBADAEAB,United Arab Emirates
FIRST ABU DHABI BANK PJSC,ABU DHABI,,FGBMAEAA,United Arab Emirates
FIRST ABU DHABI BANK PJSC,ABU DHABI,ABU DHABI MALL,NBADAEAAAML,United Arab Emirates
FIRST ABU DHABI BANK PJSC,ABU DHABI,AL ETIHAD BRANCH,NBADAEAADEF,United Arab Emirates
FIRST ABU DHABI BANK PJSC,ABU DHABI,AL MIRFA BRANCH,NBADAEAAMIR,United Arab Emirates
FIRST ABU DHABI BANK PJSC,ABU DHABI,AL MUROOR BRANCH,NBADAEAAMUR,United Arab Emirates
FIRST ABU DHABI BANK PJSC,ABU DHABI,AL RUWAIS BRANCH,NBADAEAARUW,United Arab Emirates
FIRST ABU DHABI BANK PJSC,ABU DHABI,AL SALAM STREET BRANCH,NBADAEAASLM,United Arab Emirates
FIRST ABU DHABI BANK PJSC,ABU DHABI,AL SHAHAMA BRANCH,NBADAEAASHB,United Arab Emirates
FIRST ABU DHABI BANK PJSC,ABU DHABI,ARABIAN GULF OFFICE,NBADAEAAAGO,United Arab Emirates
FIRST ABU DHABI BANK PJSC,ABU DHABI,ASSET MANAGEMENT GROUP,NBADAEAAAMG,United Arab Emirates
FIRST ABU DHABI BANK PJSC,ABU DHABI,BANIYAS BRANCH,NBADAEAABAN,United Arab Emirates
FIRST ABU DHABI BANK PJSC,ABU DHABI,BATIN BRANCH,NBADAEAABAT,United Arab Emirates
FIRST ABU DHABI BANK PJSC,ABU DHABI,BETWEEN THE TWO BRIDGES,NBADAEAABTB,United Arab Emirates
FIRST ABU DHABI BANK PJSC,ABU DHABI,CARD CENTRE,NBADAEAACSU,United Arab Emirates
FIRST ABU DHABI BANK PJSC,ABU DHABI,CASH MANAGEMENT SERVICES,NBADAEAACMS,United Arab Emirates
FIRST ABU DHABI BANK PJSC,ABU DHABI,"COLLECTION DEPARTMENT, RETAIL OPERATION CENTRE,",NBADAEAACOL,United Arab Emirates
FIRST ABU DHABI BANK PJSC,ABU DHABI,CORNICHE BRANCH,NBADAEAACOR,United Arab Emirates
FIRST ABU DHABI BANK PJSC,ABU DHABI,DAS ISLAND BRANCH,NBADAEAADAS,United Arab Emirates
FIRST ABU DHABI BANK PJSC,ABU DHABI,DELMA BRANCH,NBADAEAADEL,United Arab Emirates
FIRST ABU DHABI BANK PJSC,ABU DHABI,DOMESTIC CAPITAL MARKETS GROUP,NBADAEAADCM,United Arab Emirates
FIRST ABU DHABI BANK PJSC,ABU DHABI,EPB BUSINESS AND OPERATIONS,NBADAEAAEPB,United Arab Emirates
FIRST ABU DHABI BANK PJSC,ABU DHABI,EXPENSE CLEARING UNIT,NBADAEAAECU,United Arab Emirates
FIRST ABU DHABI BANK PJSC,ABU DHABI,FAB AD GLOBAL MARKETS,NBADAEAAADG,United Arab Emirates
FIRST ABU DHABI BANK PJSC,ABU DHABI,FAB-ONLINE SERVICE,NBADAEAAONL,United Arab Emirates
FIRST ABU DHABI BANK PJSC,ABU DHABI,GLOBAL CASH MANAGEMENT (CIBD),NBADAEAAEST,United Arab Emirates
FIRST ABU DHABI BANK PJSC,ABU DHABI,HEAD OFFICE,NBADAEAASYN,United Arab Emirates
FIRST ABU DHABI BANK PJSC,ABU DHABI,INTERNATIONAL AIRPORT BRANCH,NBADAEAAAIR,United Arab Emirates
FIRST ABU DHABI BANK PJSC,ABU DHABI,INVESTIGATIONS AND FOLLOW-UP UNIT,NBADAEAAIFU,United Arab Emirates
FIRST ABU DHABI BANK PJSC,ABU DHABI,ISLAMIC BANKING DIVISION,NBADAEAAISD,United Arab Emirates
FIRST ABU DHABI BANK PJSC,ABU DHABI,KEY MANAGEMENT AUTHORITY H.O.,NBADAEAAKMA,United Arab Emirates
FIRST ABU DHABI BANK PJSC,ABU DHABI,KHAILIDIYA BRANCH,NBADAEAAKHB,United Arab Emirates
FIRST ABU DHABI BANK PJSC,ABU DHABI,"LIWA BRANCH,WESTERN REGION",NBADAEAALWA,United Arab Emirates
FIRST ABU DHABI BANK PJSC,ABU DHABI,MADINAT ZAYED BRANCH,NBADAEAAMZD,United Arab Emirates
FIRST ABU DHABI BANK PJSC,ABU DHABI,MAIN BRANCH,NBADAEAAKHF,United Arab Emirates
FIRST ABU DHABI BANK PJSC,ABU DHABI,MINA ROAD BRANCH,NBADAEAAMIN,United Arab Emirates
FIRST ABU DHABI BANK PJSC,ABU DHABI,MUSSAFAH BRANCH,NBADAEAAMUS,United Arab Emirates
FIRST ABU DHABI BANK PJSC,ABU DHABI,NBAD-DIRECT,NBADAEAADIR,United Arab Emirates
FIRST ABU DHABI BANK PJSC,ABU DHABI,NEW AL SHAHAMA BRANCH,NBADAEAASHM,United Arab Emirates
FIRST ABU DHABI BANK PJSC,ABU DHABI,PRIVATE BANKING OPERATIONS,NBADAEAAPBO,United Arab Emirates
FIRST ABU DHABI BANK PJSC,ABU DHABI,RECONCILIATION DEPARTMENT,NBADAEAAREC,United Arab Emirates
FIRST ABU DHABI BANK PJSC,ABU DHABI,RETAIL OPERATIONS CENTRE,NBADAEAACPU,United Arab Emirates
FIRST ABU DHABI BANK PJSC,ABU DHABI,SECURITIES SERVICES DEPARTMENT,NBADAEAASSD,United Arab Emirates
FIRST ABU DHABI BANK PJSC,ABU DHABI,SH. RASHID ROAD BRANCH,NBADAEAAFSB,United Arab Emirates
FIRST ABU DHABI BANK PJSC,ABU DHABI,TRADE FINANCE OPERATIONS,NBADAEAATFO,United Arab Emirates
FIRST ABU DHABI BANK PJSC,ABU DHABI,VOSTRO ACCOUNTS SECTION H.O.,NBADAEAAVOS,United Arab Emirates
FIRST ABU DHABI BANK PJSC,ABU DHABI,WEALTH OPERATIONS- EPB  BUSINESS,NBADAEAAADV,United Arab Emirates
FIRST ABU DHABI BANK PJSC,ABU DHABI,WHOLESALE OPERATIONS CENTRE,NBADAEAACOD,United Arab Emirates
FIRST ABU DHABI BANK PJSC,AJMAN,AJMAN BRANCH,NBADAEAAAJM,United Arab Emirates
FIRST ABU DHABI BANK PJSC,AL AIN,AL AIN BRANCH,NBADAEAAALN,United Arab Emirates
FIRST ABU DHABI BANK PJSC,AL AIN,AL AIN CLOCK TOWER BRANCH,NBADAEAACLO,United Arab Emirates
FIRST ABU DHABI BANK PJSC,AL AIN,AL AIN MALL BRANCH,NBADAEAAAAM,United Arab Emirates
FIRST ABU DHABI BANK PJSC,AL AIN,AL SANAIYA BRANCH,NBADAEAAASN,United Arab Emirates
FIRST ABU DHABI BANK PJSC,DUBAI,,NBADAEAATFN,United Arab Emirates
FIRST ABU DHABI BANK PJSC,DUBAI,AL QUSAIS BRANCH,NBADAEAAAQB,United Arab Emirates
FIRST ABU DHABI BANK PJSC,DUBAI,DEIRA BRANCH,NBADAEAADEI,United Arab Emirates
FIRST ABU DHABI BANK PJSC,DUBAI,DUBAI HEALTH CARE CENTRE,NBADAEAADHC,United Arab Emirates
FIRST ABU DHABI BANK PJSC,DUBAI,DUBAI SIDE BRANCH,NBADAEAADUB,United Arab Emirates
FIRST ABU DHABI BANK PJSC,DUBAI,JEBEL ALI BRANCH,NBADAEAAJBL,United Arab Emirates
FIRST ABU DHABI BANK PJSC,DUBAI,MALL OF THE EMIRATES BRANCH,NBADAEAAMOE,United Arab Emirates
FIRST ABU DHABI BANK PJSC,DUBAI,SH.ZAYED ROAD BRANCH,NBADAEAASZR,United Arab Emirates
FIRST ABU DHABI BANK PJSC,FUJAIRAH,DIBBA BRANCH,NBADAEAADIB,United Arab Emirates
FIRST ABU DHABI BANK PJSC,FUJAIRAH,FUJAIRAH BRANCH,NBADAEAAFUJ,United Arab Emirates
FIRST ABU DHABI BANK PJSC,FUJAIRAH,QIDFA BRANCH,NBADAEAAQFA,United Arab Emirates
FIRST ABU DHABI BANK PJSC,RAS AL KHAIMAH,AL NAKHEEL BRANCH,NBADAEAANAK,United Arab Emirates
FIRST ABU DHABI BANK PJSC,RAS AL KHAIMAH,RAS AL KHAIMA BRANCH,NBADAEAARAK,United Arab Emirates
FIRST ABU DHABI BANK PJSC,SHARJAH,AL BOURJ AVENUE,NBADAEAAABA,United Arab Emirates
FIRST ABU DHABI BANK PJSC,SHARJAH,AL DHAID BRANCH,NBADAEAADHD,United Arab Emirates
FIRST ABU DHABI BANK PJSC,SHARJAH,KALBA BRANCH,NBADAEAAKAL,United Arab Emirates
FIRST ABU DHABI BANK PJSC,SHARJAH,KHORFAKKAN BRANCH,NBADAEAAKFN,United Arab Emirates
FIRST ABU DHABI BANK PJSC,SHARJAH,SHARJAH BRANCH,NBADAEAASHA,United Arab Emirates
FIRST ABU DHABI BANK PJSC,SHARJAH,SHARJAH INDUSTRIAL AREA,NBADAEAASIA,United Arab Emirates
FIRST ABU DHABI BANK PJSC,UMM AL QAIWAIN,UMM AL QUIWAIN BRANCH,NBADAEAAUAQ,United Arab Emirates
FITCH RATINGS LTD,DUBAI,,FRIPAEA1,United Arab Emirates
FRIMEX GULF CO (L.L.C),DUBAI,,FRMGAEA1,United Arab Emirates
FRIMEX INVESTMENT (L.L.C),DUBAI,,FRMIAEA1,United Arab Emirates
FRONTIER INVESTMENT MANAGEMENT PARTNERS LTD,DUBAI,,DUMNAEA1,United Arab Emirates
FRONTIER INVESTMENT MANAGEMENT PARTNERS LTD,DUBAI,,FNMPAEAD,United Arab Emirates
GAC GROUP (HOLDINGS) LIMITED,DUBAI,,GACGAEAD,United Arab Emirates
GCC EXCHANGE,DUBAI,,GCCEAEAD,United Arab Emirates
GENERAL PENSION AND SOCIAL SECURITY,ABU DHABI,,GPSSAEAD,United Arab Emirates
GOLDMAN SACHS INTERNATIONAL DIFC BRANCH,DUBAI,,GSNDAEA1,United Arab Emirates
GOVERNMENT OF DUBAI DEPARTMENT OF FINANCE,DUBAI,,GDDFAEAD,United Arab Emirates
GTN MIDDLE EAST FINANCIAL SERVICES (DIFC) LIMITED,DUBAI,,MBSHAEAD,United Arab Emirates
GULF INTERNATIONAL BANK B.S.C.,ABU DHABI,,GULFAEAA,United Arab Emirates
GULF MERCHANT GROUP LLP,DUBAI,,GMGLAEA1,United Arab Emirates
GWS MIDDLE EAST FZE,RAS AL KHAIMAH,,GMEFAEA1,United Arab Emirates
HABIB BANK AG ZURICH,DUBAI,,HBZUAEAD,United Arab Emirates
HABIB BANK LIMITED,ABU DHABI,,HABBAEA10AA,United Arab Emirates
HABIB BANK LIMITED,DUBAI,,HABBAEAD,United Arab Emirates
HABIB BANK LIMITED,SHARJAH,,HABBAEA10AS,United Arab Emirates
HIRAM ARK COMPANY LTD.,DUBAI,,HIAOAEA2,United Arab Emirates
HSBC BANK MIDDLE EAST LIMITED,ABU DHABI,,BBMEAEADABU,United Arab Emirates
HSBC BANK MIDDLE EAST LIMITED,AL AIN,,BBMEAEADALA,United Arab Emirates
HSBC BANK MIDDLE EAST LIMITED,DUBAI,,BBMEAEAD,United Arab Emirates
HSBC BANK MIDDLE EAST LIMITED,DUBAI,,HBMEAEAD,United Arab Emirates
HSBC BANK MIDDLE EAST LIMITED,DUBAI,DIFC BRANCH,BBMEAEADDIF,United Arab Emirates
HSBC BANK MIDDLE EAST LIMITED,DUBAI,GLOBAL PAYMENTS INVESTIGATIONS,BBMEAEADGPI,United Arab Emirates
HSBC BANK MIDDLE EAST LIMITED,DUBAI,ISV UAE AGENCY,BBMEAEADISV,United Arab Emirates
HSBC BANK MIDDLE EAST LIMITED,DUBAI,SECURITIES BROKERAGE,BBMEAEADBDU,United Arab Emirates
HSBC BANK MIDDLE EAST LIMITED,FUJAIRAH,,BBMEAEADFUJ,United Arab Emirates
HSBC BANK MIDDLE EAST LIMITED,RAS AL KHAIMAH,,BBMEAEADRKS,United Arab Emirates
HSBC BANK MIDDLE EAST LIMITED,SHARJAH,,BBMEAEADSHJ,United Arab Emirates
HSBC FINANCIAL SERVICES (MIDDLE EAST) LIMITED,DUBAI,,WDMEAEA1,United Arab Emirates
HSBC MIDDLE EAST SECURITIES L.L.C (HMES),DUBAI,,HMEEAEA1,United Arab Emirates
ICICI BANK LIMITED,DUBAI,,ICICAEAD,United Arab Emirates
ICICI BANK LIMITED,DUBAI,CENTRAL OPERATIONS,ICICAEADCOP,United Arab Emirates
ICICI BANK LIMITED,DUBAI,GLOBAL TRADE SERVICE UNIT,ICICAEADGTS,United Arab Emirates
ICICI BANK LIMITED,DUBAI,IIOG,ICICAEADIOG,United Arab Emirates
ICICI BANK LIMITED,DUBAI,TREASURY,ICICAEADTMO,United Arab Emirates
IDBI BANK LTD,DUBAI,,IBKLAEAD,United Arab Emirates
INDEX EXCHANGE LLC(FORMERLY HABIB EXCHANGE CO.L.L.C.),ABU DHABI,,HEXCAEAA,United Arab Emirates
"INDUSTRIAL AND COMMERCIAL BANK OF CHINA LIMITED, DUBAI(DIFC) BRANCH",DUBAI,,ICBKAEAD,United Arab Emirates
INDUSTRIAL AND COMMERCIAL BANK OF CHINA LIMITED-ABU DHABI BRANCH,ABU DHABI,,ICBKAEAA,United Arab Emirates
INTEGRATED SECURITIES LLC,ABU DHABI,,FGFEAEA1,United Arab Emirates
INTERNATIONAL DEVELOPMENT BANK FOR INVESTMENT AND FINANCE - DUBAI BRANCH,DUBAI,,IDBQAEAD,United Arab Emirates
INTERNATIONAL PETROLEUM INVESTMENT COMPANY,ABU DHABI,,IPIOAEA1,United Arab Emirates
INTESA SANPAOLO - ABU DHABI BRANCH,ABU DHABI,,BCITAEAB,United Arab Emirates
INTESA SANPAOLO SPA,DUBAI,,BCITAEAD,United Arab Emirates
INVEST AD,ABU DHABI,,ADICAEAA,United Arab Emirates
INVESTBANK,SHARJAH,,IBTFAEAS,United Arab Emirates
INVESTMENT CORPORATION OF DUBAI SERVICE COMPANY L.L.C,DUBAI,,ICODAEAD,United Arab Emirates
ITTIHAD INTERNATIONAL INVESTMENT L.L.C.,ABU DHABI,,IIICAEA1,United Arab Emirates
J.P. MORGAN MIDDLE EAST LIMITED,ABU DHABI,,CHASAEAB,United Arab Emirates
JANATA BANK,ABU DHABI,,JANBAEAA,United Arab Emirates
JANATA BANK,ABU DHABI,ABU DHABI BRANCH,JANBAEAAAUH,United Arab Emirates
JANATA BANK,AL AIN,AL AIN BRANCH,JANBAEAAALN,United Arab Emirates
JANATA BANK,DUBAI,DUBAI BRANCH,JANBAEAADXB,United Arab Emirates
JANATA BANK,SHARJAH,SHARJAH BRANCH,JANBAEAASHJ,United Arab Emirates
JOYALUKKAS EXCHANGE,DUBAI,,JOEXAEAD,United Arab Emirates
KATOTA INVESTMENT SECTOR FZE,RAS AL KHAIMAH,,KISFAEA1,United Arab Emirates
KEB HANA BANK ABUDHABI BRANCH,ABU DHABI,,KOEXAEAD,United Arab Emirates
KOTAK MAHINDRA BANK LIMITED,DUBAI,,KKBKAEAD,United Arab Emirates
LANDMARK BUSINESS SOLUTIONS FZE,DUBAI,,LBOEAEAD,United Arab Emirates
LANDMARK RETAIL LIMITED,DUBAI,,LANRAEAD,United Arab Emirates
LARI EXCHANGE,ABU DHABI,,LAEEAEAA,United Arab Emirates
LULU INTERNATIONAL EXCHANGE,ABU DHABI,,LULUAEAD,United Arab Emirates
MAC CAPITAL LIMITED,DUBAI,,MCCPAEA1,United Arab Emirates
MAC SHARAF SECURITIES (UAE) LLC.,DUBAI,,MSSUAEA1,United Arab Emirates
MAJID AL FUTTAIM HOLDING LLC,DUBAI,,MAFHAEAD,United Arab Emirates
MAMOURA DIVERSIFIED GLOBAL HOLDING P.J.S.C.,ABU DHABI,,MUBDAEAA,United Arab Emirates
MAMOURA DIVERSIFIED GLOBAL HOLDING P.J.S.C.,ABU DHABI,,MUBDAEAAIPC,United Arab Emirates
MASHREQ SECURITIES LLC,DUBAI,,MSSLAEA1,United Arab Emirates
MASHREQBANK PSC.,DUBAI,,BOMLAEAD,United Arab Emirates
MASHREQBANK PSC.,DUBAI,,BOMLAEADGTS,United Arab Emirates
MASHREQBANK PSC.,DUBAI,FI-CUSTOMER SERVICES,BOMLAEADCSU,United Arab Emirates
MASHREQBANK PSC.,DUBAI,FINANCIAL INSTITUTIONS DIVISION,BOMLAEADEBC,United Arab Emirates
MASHREQBANK PSC.,DUBAI,FOREIGN TRADE CENTRE,BOMLAEADFTC,United Arab Emirates
MASHREQBANK PSC.,DUBAI,HEAD OFFICE,BOMLAEADHDO,United Arab Emirates
MASHREQBANK PSC.,DUBAI,REMITTANCES CENTRE,BOMLAEADRAM,United Arab Emirates
MASHREQBANK PSC.,DUBAI,TREASURY AND INVESTMENT DIVISION,BOMLAEADTID,United Arab Emirates
MASHREQBANK PSC.,DUBAI,WEALTH OPERATIONS CENTER,BOMLAEADWOC,United Arab Emirates
MCB BANK LIMITED,DUBAI,,MUCBAEAD,United Arab Emirates
MDC BUSINESS MANAGEMENT SERVICES LLC,ABU DHABI,,MDCBAEAA,United Arab Emirates
MDC CAPITAL MANAGEMENT (RS) LIMITED,ABU DHABI,,MDCGAEAA,United Arab Emirates
MEM IMPERIAL COMMERCIAL BROKERS LLC,DUBAI,,MIOBAEA2,United Arab Emirates
MEMAR INTERNATIONAL CO. (L.L.C),DUBAI,,MMARAEA1,United Arab Emirates
MENA CORP FINANCIAL SERVICES LLC,ABU DHABI,,MFELAEA1,United Arab Emirates
MERAAS HOLDING LLC,DUBAI,MERAAS HOLDING LLC - HEAD OFFICE,MEHLAEAD,United Arab Emirates
MERRILL LYNCH INTERNATIONAL,DUBAI,,MLINAEA1,United Arab Emirates
MESRKANLOO INTERNATIONAL EXCHANGE,DUBAI,,MIEHAEAD,United Arab Emirates
"MIDDLE EAST FINANCIAL BROKERAGE COMPANY, L.L.C",DUBAI,,MFBCAEA1,United Arab Emirates
MIDIS SERVICES FZ-LLC,DUBAI,,MIDVAEAA,United Arab Emirates
MINISTRY OF ENERGY AND INFRASTRUCTURE,DUBAI,,MIEEAEA1,United Arab Emirates
MIRABAUD (MIDDLE EAST) LIMITED,DUBAI,,MIRAAEAD,United Arab Emirates
MOBIS PARTS MIDDLE EAST FZE,DUBAI,,HYMOAEA1,United Arab Emirates
MUBADALA ENERGY HOLDING COMPANY LLC,ABU DHABI,,MOGHAEAA,United Arab Emirates
"MUFG BANK, LTD. DIFC BRANCH - DUBAI",DUBAI,,BOTKAEAD,United Arab Emirates
MULTINET TRUST EXCHANGE,DUBAI,,MULXAEAE,United Arab Emirates
NAEEM SHARES AND BONDS,DUBAI,,NSHOAEA1,United Arab Emirates
NASDAQ DUBAI LIMITED,DUBAI,,DIFXAEAA,United Arab Emirates
NASIM AL BARARI EXCHANGE,DUBAI,,NABEAEA1,United Arab Emirates
NATIONAL BANK OF BAHRAIN,ABU DHABI,,NBOBAEAA,United Arab Emirates
NATIONAL BANK OF BAHRAIN,ABU DHABI,TREASURY OPERATION,NBOBAEAATOP,United Arab Emirates
NATIONAL BANK OF FUJAIRAH,ABU DHABI,ABU DHABI BRANCH,NBFUAEAFAUH,United Arab Emirates
NATIONAL BANK OF FUJAIRAH,DUBAI,DUBAI BRANCH,NBFUAEAFDXB,United Arab Emirates
NATIONAL BANK OF FUJAIRAH,DUBAI,JEBEL ALI,NBFUAEAFJBA,United Arab Emirates
NATIONAL BANK OF FUJAIRAH,FUJAIRAH,,NBFUAEAF,United Arab Emirates
NATIONAL BANK OF FUJAIRAH,FUJAIRAH,FUJAIRAH BRANCH,NBFUAEAFFUJ,United Arab Emirates
NATIONAL BANK OF FUJAIRAH,SHARJAH,SHARJAH BRANCH,NBFUAEAFSHJ,United Arab Emirates
NATIONAL BANK OF KUWAIT (S.A.K.).,DUBAI,,NBOKAEAD,United Arab Emirates
NATIONAL BANK OF OMAN (S.A.O.G),ABU DHABI,,NBOMAEAD,United Arab Emirates
"NATIONAL BANK OF RAS AL-KHAIMAH, THE",RAS AL KHAIMAH,,NRAKAEAK,United Arab Emirates
NATIONAL BANK OF UMM AL QAIWAIN PSC.,DUBAI,,UMMQAEAD,United Arab Emirates
NATIONAL BANK OF UMM AL QAIWAIN PSC.,UMM AL QAIWAIN,UM AL QAIWAIN PRIVATE PROPERTIES BUILDING,UMMQAEADFXD,United Arab Emirates
NATIXIS DUBAI,DUBAI,,NATXAEAD,United Arab Emirates
NOON.COM,DUBAI,,NOONAEAD,United Arab Emirates
OASIS CRESCENT CAPITAL (DIFC) LIMITED,DUBAI,,OCCDAEA1,United Arab Emirates
OLA ENERGY SERVICES DMCC,DUBAI,,OILBAEAD,United Arab Emirates
ONE FOODS HOLDINGS LIMITED,DUBAI,,OFHLAEAD,United Arab Emirates
ORIENT EXCHANGE CO.(L.L.C.),DUBAI,NO. 29586 95561,OECOAEAD,United Arab Emirates
PRIME EMIRATES L.L.C,ABU DHABI,,PRELAEA1,United Arab Emirates
PROMETHEUS CAPITAL FINANCE LIMITED,DUBAI,,PCFIAEAB,United Arab Emirates
PROMETHEUS CAPITAL FINANCE LIMTED,DUBAI,,PCFIAEA1,United Arab Emirates
PUNJAB NATIONAL BANK,DUBAI,,PUNBAEAD,United Arab Emirates
REDHA AL ANSARI EXCHANGE,DUBAI,,RAECAEAD,United Arab Emirates
REYL FINANCE (MEA) LTD,DUBAI,,REYLAEAD,United Arab Emirates
REYL FINANCE (MEA) LTD,DUBAI,,REYLAEADIFC,United Arab Emirates
ROYAL BANK OF CANADA,DUBAI,,ROYCAEA1,United Arab Emirates
SAMSUNG GULF ELECTRONICS FZE,DUBAI,,SECTAEA1,United Arab Emirates
SAMSUNG GULF ELECTRONICS FZE,DUBAI,SGE,SECTAEA1710,United Arab Emirates
SEDDIQI HOLDING (L.L.C),DUBAI,,SEHLAEAD,United Arab Emirates
SHARAF EXCHANGE LLC,DUBAI,,SHEXAEA1,United Arab Emirates
SHARJAH ISLAMIC BANK,SHARJAH,,NBSHAEAS,United Arab Emirates
SHARJAH ISLAMIC FINANCIAL SERVICES LLC,SHARJAH,,SIFEAEA1,United Arab Emirates
SHINHAN BANK CO LTD. DUBAI BRANCH,DUBAI,,SHBKAEAD,United Arab Emirates
SHUAA CAPITAL P.S.C.,DUBAI,,AGEIAEA1,United Arab Emirates
SHUAA CAPITAL PSC,DUBAI,,SHCPAEAD,United Arab Emirates
SICO FINANCIAL BROKERAGE L.L.C.,ABU DHABI,,SFBLAEA2,United Arab Emirates
SIRAJ FINANCE PJSC,ABU DHABI,,SRAJAEAA,United Arab Emirates
SOCIETE GENERALE DIFC BRANCH,DUBAI,,SOGEAEAD,United Arab Emirates
STANDARD CHARTERED BANK,DUBAI,,SCBLAEADABD,United Arab Emirates
STANDARD CHARTERED BANK,DUBAI,,SCBLAEAD,United Arab Emirates
STANDARD CHARTERED BANK,DUBAI,DUBAI INTERNATIONAL FINANCIAL CENTRE - OFFSHORE BANKING,SCBLAEADDIF,United Arab Emirates
STANDARD CHARTERED BANK,DUBAI,WEALTH,SCBLAEADWMO,United Arab Emirates
STATE BANK OF INDIA,DUBAI,,SBINAEAD,United Arab Emirates
SUMITOMO MITSUI BANKING CORPORATION,DUBAI,,SMBCAEAD,United Arab Emirates
TABARAK INVESTMENT CAPITAL LIMITED,DUBAI,,TIBIAEAD,United Arab Emirates
TABRA AND AL NIBAL EXCHANGE,DUBAI,,TBRAAEA1,United Arab Emirates
THE SAUDI NATIONAL BANK (DIFC BRANCH),DUBAI,,SAMBAEAC,United Arab Emirates
THE SAUDI NATIONAL BANK (DUBAI BRANCH),DUBAI,,SAMBAEAD,United Arab Emirates
TRADE CAPITAL LLC,DUBAI,,TCTLAEAD,United Arab Emirates
TRANSFERWISE NUQUD LTD,ABU DHABI,,TRWIAEA2,United Arab Emirates
U S H GENERAL TRADING CO. L.L.C,DUBAI,,USHLAEA2,United Arab Emirates
U S H GENERAL TRADING CO. L.L.C,DUBAI,EMIRATES NBD,USHLAEA2NBD,United Arab Emirates
U.A.E. EXCHANGE CENTER LLC,ABU DHABI,,UAEXAEAA,United Arab Emirates
UAE BANKS FEDERATION,ABU DHABI,,EMIBAEA1,United Arab Emirates
UNATRAC HOLDING LIMITED,DUBAI,,UNTRAEAD,United Arab Emirates
UNION BANK OF INDIA DIFC BRANCH,DUBAI,,UBINAEAD,United Arab Emirates
UNITED ARAB BANK,SHARJAH,,UARBAEAA,United Arab Emirates
UNITED BANK LTD.,DUBAI,,UNILAEAD,United Arab Emirates
UNITED BANK LTD.,DUBAI,"UBL, CENTRAL PROCESSING UNIT	",UNILAEADCPU,United Arab Emirates
UNITED BANK LTD.,DUBAI,"UBL, TRADE FINANCE CENTRE	",UNILAEADTFC,United Arab Emirates
UNITED BANK LTD.,DUBAI,"UBL, TREASURY OPERATIONS DEPT.	",UNILAEADTRY,United Arab Emirates
UNITED INVESTMENT BANK LTD.,DUBAI,,UIBLAEA1,United Arab Emirates
UNIVERSAL EXCHANGE CENTER,DUBAI,,UECEAEAD,United Arab Emirates
VARRO TRADING LIMITED,DUBAI,,MPTDAEA1,United Arab Emirates
WALL STREET EXCHANGE CENTRE LLC,DUBAI,,WSEEAEAD,United Arab Emirates
WEBBEDS,DUBAI,,WEBLAEAD,United Arab Emirates
WIO BANK P.J.S.C.,ABU DHABI,,WIOBAEAD,United Arab Emirates
WOORI BANK DUBAI BRANCH,DUBAI,,HVBKAEAD,United Arab Emirates
WORLD INVESTMENTS PSC,DUBAI,,WIVPAEAA,United Arab Emirates
WORLDWIDE CASH EXPRESS LIMITED,ABU DHABI,,WWCEAEAA,United Arab Emirates
XPRESS MONEY SERVICES LIMITED,ABU DHABI,,EXMSAEAA,United Arab Emirates
ZAND BANK P.J.S.C.,DUBAI,,ZANDAEAA,United Arab Emirates
ZAND BANK P.J.S.C.,DUBAI,,ZANDAEAA008,United Arab Emirates
ZFP EQUITY TRADING (DUBAI) LIMITED,DUBAI,,ZETDAEA1,United Arab Emirates
